	rab.all	rab.win.baseline	rab.win.treated	diff.btw	diff.win	effect	overlap	we.ep	we.eBH	wi.ep	wi.eBH
ASV0000	0.07037052359847071	0.25173824679940027	-0.23481269441277566	-0.4927778537841099	1.0797147633443498	-0.2417797504680006	0.9997395833333333	0.4938711537399661	0.9784960325108735	0.3682346381991945	0.987500666217191
ASV0001	0.9095160969423248	1.1717244237593079	0.7364551737981829	-0.43162649625960725	0.9207081138132018	-0.22205306031510025	1.0	0.7657477870238467	0.9876782106118824	0.4405944898486841	0.995612542389039
ASV0002	-0.5442041264003679	-0.5395879634511872	-0.580334008571092	-0.04506497059013492	1.1252260221776216	-0.03827142577868285	0.9739583333333335	0.6159081970934049	0.9824665299070918	0.7658715502013963	0.9961447798108884
ASV0003	-1.0706311376438975	-1.220156760924021	-0.9270761914843011	0.2786980367494962	1.2176417188535718	0.21438559985604494	0.9184895833333334	0.43664434839737987	0.9548278001014879	0.4719577906377436	0.9891943972907864
ASV0004	-1.1000866343995146	-1.1884040803137226	-1.0167916186115762	0.1973521381021266	1.0116678496213387	0.02706044715169569	0.9333333333333331	0.6828859456300516	0.9847369034177592	0.7191098615118481	0.9957789785901497
ASV0005	-0.4642547576331165	-0.8634553511071761	0.07638849939073604	0.9507532664646654	1.2261139101266487	0.4444554038400137	0.7627604166666665	0.11764371870353957	0.6563709482963925	0.06376801231769846	0.5316628957972419
ASV0006	0.6523184861070889	0.6931195176879789	0.5586702100024299	-0.1567809550469934	1.230016274534167	0.014473727110584016	0.9898437500000002	0.826723598219837	0.9884696336753961	0.8582770394083429	0.9962294870945171
ASV0007	1.908445245878301	2.0939961605055695	1.830117143264551	-0.2623183533775373	0.7500555774993358	-0.19389601376956847	1.0	0.8082035097330652	0.9879564467735399	0.5813371674827214	0.995612542389039
ASV0008	-0.5481978332822034	-0.3985091652706993	-0.741785798445262	-0.35562294638969205	1.2260896878821905	-0.016508595877486473	0.9976562500000001	0.5692150514981599	0.9774157779070795	0.6923081385591866	0.9958680110644779
ASV0009	0.09438378577253712	-0.4040233976790031	0.8337989651622603	1.2435399322361356	1.0772110294941541	0.6143602159474273	0.7179687500000007	0.014674557231750755	0.1549245555330536	0.018658158573662657	0.19302989301096593
ASV0010	2.0122868693679568	2.110051955000864	1.8625085330079103	-0.2544080006681195	0.7015014288683494	-0.07915964131464989	1.0	0.5997153023840033	0.9856662115363739	0.696626849482022	0.9957687914916028
ASV0011	-0.08110753924444383	0.04885806615464855	-0.1956106086704402	-0.24416686036107982	1.0550535711064617	-0.09035323953319949	0.9973958333333334	0.7354912143643331	0.9870718662543669	0.7394553400430318	0.9958681435487848
ASV0012	0.3484227157135602	0.5090630989631124	0.13923836726288624	-0.3552641352847441	1.148221759105465	-0.14716828067599516	0.9994791666666667	0.5740185992541226	0.9861721598308452	0.44840390004551856	0.995612542389039
ASV0013	-1.089983342966724	-1.095235070831005	-1.1050146905835756	0.012208429205462057	0.9200010735622839	-0.005705206089000717	0.9585937499999998	0.5893540317362213	0.971601925106611	0.662846860745174	0.9927560294570822
ASV0014	-1.1198771436196724	-0.993362364882828	-1.197390869582271	-0.21946966186684413	1.2931489735686788	0.05231123823871149	0.9914062500000002	0.6469241514131072	0.9863401862877585	0.7494941811951495	0.9958505858507122
ASV0015	1.8600291332922223	1.909979712625848	1.7392014502005053	-0.1739744241451	0.950195378328526	0.026645735472603984	0.99765625	0.7189274572139902	0.9869720471999774	0.8436527974426558	0.9960079881527986
ASV0016	-1.8468524556842743	-1.8933784095784354	-1.8065815470437263	0.07855059382919194	1.1183739450131287	0.03061814856897452	0.9450520833333336	0.5823631916471339	0.9802358800891522	0.5809814989402834	0.9929428216146444
ASV0017	-0.885387765965908	-0.6197384448060729	-1.1294374155239109	-0.517492468549926	0.9283877169288433	-0.3501699350008678	0.9986979166666667	0.2532720007938067	0.8247818510633608	0.16279855058578016	0.7674505767687516
ASV0018	-2.998391650234317	-2.967966737161104	-3.0479180984270626	-0.04754238404966049	1.4513165709058882	-0.02169848831675162	0.9580729166666668	0.5957012327843911	0.9650943110051727	0.623467395542597	0.9825702217164001
ASV0019	-2.401569345178467	-2.2780189928887813	-2.556434188636377	-0.2596669056553431	1.3684710152954667	-0.08716487336000042	0.9838541666666667	0.555377007711659	0.9589567646536122	0.597960664109372	0.9812065950371687
ASV0020	-2.457769239215641	-2.353003793059162	-2.587994395260474	-0.23883807531222656	1.314707182134407	-0.035948090056973636	0.9755208333333334	0.5564748767139722	0.9670230662248668	0.6114253780563661	0.9863461661201568
ASV0021	-0.9793230346513139	-0.691508868594445	-1.2824315139147084	-0.6017562936530558	1.477140971115284	-0.17383592531026762	0.9994791666666667	0.3812562263958445	0.9478898275301529	0.4293043481425463	0.9932195511096961
ASV0022	-2.023304812680345	-1.896185304776653	-2.1365745424222577	-0.23411389632746338	1.2035663259684461	-0.06090416854034992	0.9859375000000001	0.5676345185616526	0.9657139773380379	0.5948050913263485	0.9852065979806254
ASV0023	1.666860387197917	1.67658770525165	1.6507596476646316	-0.027101728751639298	0.7593012634933376	-0.04018960053766877	0.981510416666667	0.7120582126616134	0.9865729446809559	0.7467562322351406	0.9957949905811844
ASV0024	0.6452803390047738	0.6508128766992839	0.6288436042749201	-0.009954689059154198	0.8234843255902686	-0.12638230573900988	0.9781250000000006	0.611967428653858	0.9862360406977522	0.6589697267755741	0.9958522052882636
ASV0025	0.602867525693202	0.72181253868419	0.548047498602551	-0.1831693205342999	1.1506524050981637	-0.07048698303399181	0.9963541666666669	0.7709655117810896	0.9872465369225991	0.7728564094931166	0.9959573211237475
ASV0026	-3.550963941863562	-3.5463454224435016	-3.572998943993672	0.008678677170236293	1.39747856324046	-0.07238530139915637	0.9539062500000002	0.5513645168845199	0.9594143871374737	0.5772724888435508	0.9744266923872261
ASV0027	-0.6739689539594432	-0.7539148274026322	-0.5944787106483767	0.1775100047713427	0.9893613099045058	0.00701395857662283	0.9377604166666671	0.70553234438427	0.9867136838266859	0.7722201697801986	0.9958099936678152
ASV0028	-0.35936786502082685	-0.33754641099297905	-0.40805773089820513	-0.0721380494253645	1.0882252215794006	-0.022483232934738244	0.979166666666667	0.7365994374325396	0.9874034634865979	0.783872409384775	0.9957707032842766
ASV0029	1.1401586600244191	0.3091689619654059	1.9498534673188925	1.6420983071187185	1.1192516890295954	0.9884817624226505	0.5937500000000002	0.002629714412619772	0.03448986563463715	0.0003854039270923705	0.008597469751128137
ASV0030	-2.6174603621787456	-2.5367940140095055	-2.719115638151643	-0.1766248715164831	1.4063870031174865	-0.08869823825008044	0.9692708333333333	0.5987170153929934	0.9736573714615903	0.6245341141312106	0.9879036577217063
ASV0031	-0.5187790943769165	-0.4310050349984249	-0.5856331742233278	-0.16393762623470698	1.1202416045353156	-0.15577728230131252	0.9877604166666668	0.5044168756942887	0.9745149006016617	0.5793210483486009	0.9932949126222804
ASV0032	-1.2310440991515468	-1.1151295430476642	-1.3171255978227736	-0.2168723341497052	1.0681771370551116	-0.12424245308687759	0.9856770833333334	0.549976462257215	0.96518766697021	0.5668403895841593	0.9833051946314555
ASV0033	-0.5973379743079288	-0.5230336649962093	-0.6717500524111419	-0.14906146335129034	1.361977183249731	0.015677257050064147	0.9885416666666669	0.7248096220897491	0.9873056763561326	0.8053302604419865	0.9959820330900627
ASV0034	2.5441888780648165	2.5666196076179744	2.5143987821935188	-0.05772892403269192	1.0596376953238282	0.01843331992785098	0.9932291666666668	0.8428941222577956	0.9882165766224064	0.9249181210516842	0.9964409689150477
ASV0035	-0.9517360188331003	-0.9806683267902516	-0.9205103535719544	0.06684205661078946	1.2067851666306602	-0.00363141008820091	0.953645833333334	0.6951757118085723	0.9838406693756432	0.7712988499177271	0.996064468149944
ASV0036	0.5872917064955059	0.7110765734452297	0.547358827968735	-0.15820305100259224	1.7394558428765683	-0.1936873754421034	0.99609375	0.32063501742442413	0.9767060333269929	0.42170283642553186	0.995612542389039
ASV0037	1.8864809233423825	2.0985262427407725	1.3932583635605933	-0.7083494781992252	1.0980136833236898	-0.2637454712193722	1.0	0.20895130126647882	0.9583470759931338	0.19678807261922202	0.9678481900389421
ASV0038	-1.3870582728340097	-1.2827508359293263	-1.5087458813626746	-0.20118550856226136	1.0054639907298453	-0.07150287767972663	0.9914062500000002	0.6219987694548038	0.9762515163779231	0.6523433759022654	0.9880396959555413
ASV0039	-0.36916655150141287	-0.23586378452645196	-0.4776935740281335	-0.22628164643631532	1.0147183294938864	-0.17443441992073833	0.9950520833333335	0.6019239169968084	0.9820680593650755	0.5148290100616758	0.9948325408694849
ASV0040	1.286998466749897	0.6479173848248858	1.5098925640160437	0.853665047824302	1.0315613502224055	0.796613243820958	0.7002604166666674	0.001324803317514208	0.019821400717536634	0.003424142446945228	0.045043863633147656
ASV0041	0.9288640397711803	-0.18433095779233605	1.6970871236674945	1.8764873960821993	1.0828298657285866	1.0416324231363516	0.5927083333333336	0.002301079976069814	0.028120885928457216	0.00018837673156923032	0.006122964318177777
ASV0042	-2.3279961294385076	-2.3100030146901824	-2.3386379715240535	-0.047704298556780156	1.1912925782305621	0.07582695455198968	0.9565104166666667	0.6007128594686635	0.976441614559603	0.6357770763345879	0.9898147850990001
ASV0043	0.6463169267450214	0.8079303202796299	0.46434799137867605	-0.3455130178285939	1.47182851124432	-0.15074495174510424	0.99921875	0.7031302416240384	0.9863481656629336	0.6080449020651657	0.9956992117543285
ASV0044	2.319182086851786	2.503303768679377	2.243766386317943	-0.2702178963411659	0.7962562983586334	-0.177685848891515	0.9997395833333333	0.6280098280238051	0.9860417747266745	0.519270803068161	0.9956183828012525
ASV0045	-2.246719283578856	-2.082509737632786	-2.4427176280036633	-0.35494803541665987	1.2182186172884748	-0.14863412218263478	0.9848958333333333	0.4521397717475323	0.9201690891286745	0.4903876294094695	0.9483082204370552
ASV0046	1.5431248412837146	1.5221855382013116	1.567582131964715	0.04139128664521219	1.3124072408819614	-0.08370256911661902	0.9768229166666672	0.688589971425835	0.9862469769079839	0.7376402372024811	0.9957766935349488
ASV0047	-0.11484955377909502	-0.019168522070556252	-0.2047086856108882	-0.1930428067017882	1.011071498703351	-0.14408435558238214	0.9947916666666667	0.6309207224142026	0.9857320897234219	0.6150810118671423	0.9957726025696433
ASV0048	-0.6160302044362659	-0.4288440836365568	-0.7942891685828434	-0.3738390949510062	0.8618827414999255	-0.17540818639731814	0.9979166666666668	0.5163433332284464	0.9670663816989117	0.40282677061107364	0.9795929817976436
ASV0049	4.531768241920564	4.590143453152534	4.41141646740302	-0.18490631433472782	1.0160509803699591	-0.2647882091909858	0.9997395833333333	0.18964426013654	0.9638393869740648	0.24132365041778275	0.994798373639519
ASV0050	1.7455054930486678	1.886538742996528	1.4004727988716807	-0.4852800441974363	1.3197242686652146	-0.15378310153893354	1.0	0.45084786028103985	0.9840198534407057	0.39047074764062295	0.9944749856430043
ASV0051	-2.032330017728536	-1.8878835290128106	-2.230832636963734	-0.35243362046015414	1.090414320737516	-0.17184566932171252	0.9906250000000001	0.4276211963918572	0.9177985155715747	0.43387624934724967	0.9369243264987528
ASV0052	0.46740447640159666	0.40398993814008444	0.5362074298052765	0.12227422942528055	0.9290332465023194	0.2003823640265205	0.9369791666666668	0.6083309656704432	0.9861092073468926	0.44063772930160006	0.995693371342115
ASV0053	1.1006603288687735	1.1558963811569305	1.0468162625679867	-0.11988969777285341	1.0104224552380208	-0.06130183435871093	0.9947916666666666	0.5045338306784504	0.9851877400113496	0.691403021416788	0.995754214257775
ASV0054	0.5130719982170845	0.5607817684802162	0.4644708731381933	-0.09081912898283195	0.8535748634837144	-0.1360114612768687	0.984635416666667	0.49357572752070095	0.9840197571996764	0.7038719466889641	0.9960133640620803
ASV0055	2.291137099119212	2.0571652406517376	2.5116463183051927	0.45392090257612416	0.8064209349889491	0.2354952422410843	0.7874999999999991	0.49506331013291527	0.9857822510739006	0.36698751493549636	0.995612542389039
ASV0056	1.9665867480703727	1.423707700128352	2.5916272985710607	1.161498230017454	1.0160258158441156	0.9473738190949852	0.710677083333334	0.00045867844944959334	0.008530956388626026	0.0004192277123180169	0.009051118394749941
ASV0057	1.179828034605368	1.4225173483579425	0.9677553267609696	-0.46062035827109526	1.036888815453354	-0.19740581473100793	1.0	0.4793879539490939	0.985247774616371	0.5287349756852803	0.995693371342115
ASV0058	2.8583902635018963	3.033190985376553	2.7347379718981024	-0.2928785682284303	1.0029324060997067	-0.11491447322090155	1.0	0.8194737498865403	0.9879392047779201	0.7513805822265955	0.9957307095802392
ASV0059	-1.039551509763993	-0.8869547275025096	-1.1472708502650666	-0.2751299605929498	1.2479193724012339	-0.010703777788414803	0.9911458333333335	0.6316420341379061	0.9847206541352845	0.7573042557375299	0.9961709375402591
ASV0060	0.6067052982923875	0.5179603847769567	0.6930813692074657	0.16955729895452687	0.9472981421847995	0.08187919629856821	0.9351562500000002	0.782458363806307	0.9877149682856139	0.8112749881195234	0.9959337879282778
ASV0061	-0.4165307003679734	-0.4326706258817232	-0.3953296866058239	0.05782714017489976	1.0046429208269692	0.019863862325727913	0.9611979166666672	0.735733284335493	0.987127506913376	0.7883943104787686	0.9962864125677597
ASV0062	1.089153281400498	1.235177806999005	0.9154943397680714	-0.3164730540734326	0.8399086424136839	-0.2191533501588137	1.0	0.7063037451041028	0.9874480094331871	0.4748216394607965	0.995693371342115
ASV0063	-2.0576024420831334	-1.9846263314886474	-2.200449510417797	-0.22329963495605054	1.196029726563844	-0.1727157283104365	0.9776041666666667	0.3851468717012162	0.8830781731911648	0.4840501018901427	0.9615110843466436
ASV0064	-0.8325965885499694	-0.5207889114823929	-1.241462471787886	-0.719795124613954	1.3115463143207409	-0.37953813329333985	0.9997395833333333	0.22731854612867985	0.8248728427042757	0.15901974949602113	0.8399138658168714
ASV0065	0.26336088172643557	0.34505357680361504	0.1423526396500781	-0.22608982122800225	1.0764729858498292	-0.17654355551707626	0.99609375	0.46292527054240806	0.9797994491992845	0.570821873223066	0.9956183828012525
ASV0066	1.660606518971523	1.6918886448842347	1.5711005587613553	-0.11809403203564672	1.204647749468451	-0.1120053516864907	0.9976562500000001	0.8737055707795744	0.9892803198298588	0.8730628164799018	0.9960972882814361
ASV0067	2.113658247843239	2.007739847222299	2.1728034387177213	0.15623127960318417	1.2990687021755143	0.10097443878996398	0.9145833333333333	0.8378167281959409	0.9883654866333512	0.7868132127258303	0.9959988277856138
ASV0068	-2.3687246492613343	-2.3702855881098093	-2.400123720032895	-0.0027536712416060816	1.427381697117825	0.052286055020104284	0.9583333333333334	0.6068832337966474	0.9702648577067807	0.6402407220898838	0.9910360331867394
ASV0069	-0.6905483152705049	-0.9386156218157334	-0.4949771979128776	0.44313893685835226	0.9160881101147347	0.17134105083539394	0.8497395833333325	0.5576554104952364	0.9678544411669225	0.4418694389332867	0.9809363430325748
ASV0070	1.3210504114825725	1.228697430159008	1.5134815023151875	0.287175715264923	0.9683459578209748	0.19418908922355838	0.9023437499999994	0.5009840202777326	0.984826951255608	0.5194544603473006	0.995612542389039
ASV0071	-2.7486597654396	-2.479848937976642	-3.1187889321894686	-0.6308502696479537	1.2985068505336144	-0.2533609653079071	0.9903645833333332	0.3550386939240882	0.84135034162935	0.34206876532987734	0.852433855176287
ASV0072	-0.33731614451125375	-0.2772803943358557	-0.3715901714980472	-0.09441199703676073	0.8456310903462763	-0.11639298556415634	0.9807291666666667	0.7031750293422998	0.9874730412519948	0.7343143398863126	0.9958845305775827
ASV0073	0.43638028616410257	0.6213935818036909	0.20991609244669376	-0.41539974266310353	1.081760303837059	-0.24319912387808795	0.9997395833333333	0.5452643688478387	0.9788807078184023	0.3770887541815673	0.9890445906642915
ASV0074	3.6489716582621616	3.0801917620162875	4.275545266780635	1.190562867381622	0.6867641905441073	0.9250334426996298	0.4541666666666662	0.00031642566631012037	0.006727757510131819	0.00016992551809623646	0.006012260142231378
ASV0075	1.3728112622672475	1.5122949192993667	1.1385626627406165	-0.3811636542633188	1.1081054322581905	-0.08750822950431211	1.0	0.6078018394347899	0.9864356655708982	0.602050743620997	0.9956183828012525
ASV0076	-0.39946156486471923	-0.30412195581969403	-0.4802980580114333	-0.17200525808369993	0.9716242957984271	-0.13870735977301452	0.9916666666666668	0.6234585615524939	0.9834280081231125	0.625567687449586	0.9957371642953124
ASV0077	-0.4284657247290802	-0.46260925163650035	-0.39929490525725103	0.06920842929725834	1.0563212470564698	-0.04973536885151233	0.9591145833333334	0.6071371310796213	0.9850061445822357	0.7751031545715866	0.9960314603458648
ASV0078	0.29839875227111484	0.2747440481070976	0.3221348949813231	0.04041718210158307	1.0098905276463617	0.009073257449003426	0.963802083333334	0.8051990814273078	0.9878857895769069	0.8406507616071108	0.9961369553022902
ASV0079	3.431699744235304	3.4411160655071704	3.420707640407568	-0.015231627787424706	1.0191104995214195	0.022529661576518947	0.9911458333333336	0.8475891956513936	0.9877005660419118	0.915640585525601	0.9961654657998775
ASV0080	-0.0034057447224068484	0.03864608318932298	-0.05550821716182131	-0.08129923018920682	0.9046734770391285	0.004366039672566351	0.9867187500000002	0.7373614644619751	0.9876993836832828	0.8127829967158334	0.9960792473241873
ASV0081	0.04156687942127086	0.19239003474049018	-0.21932192140062678	-0.4270195651262816	1.0082739475315525	-0.1788326670977573	0.99921875	0.5371404821157352	0.9840139997614605	0.380771174875873	0.9916133500642608
ASV0082	1.2052830204994545	1.1400806334461782	1.272434009424634	0.13690268030728547	0.9367502408550881	0.04540091576841208	0.9416666666666674	0.7339504450213744	0.9875131663311787	0.8873358412313832	0.9965550415322045
ASV0083	0.049762223263530594	-0.09103211275278272	0.17742092744318255	0.26406757090674304	0.9576867262030011	0.05061040090727848	0.9005208333333329	0.7414551478250683	0.9872142110432308	0.7303333224879403	0.9962611849264502
ASV0084	-0.5170287733565522	-0.5786208110174151	-0.4378081569233996	0.1356960402562455	0.9133165875092191	0.04828516416995656	0.9315104166666668	0.703102390342378	0.9869599611537642	0.7626833579424311	0.9961882762342543
ASV0085	-2.1793567941838767	-1.996210760235449	-2.4493227987699338	-0.4511332142914999	1.3114728673314862	-0.1987822938171952	0.9921875	0.4273706823157297	0.9033143034216363	0.45041135586603476	0.9348803530497548
ASV0086	0.4670160437735384	0.2696693936529123	0.8052197007852133	0.5257254330703975	0.8421185633930386	0.20153381773208645	0.8283854166666655	0.7844244491189765	0.9876328342963511	0.5396447425941155	0.9957329649489651
ASV0087	0.5643073857922365	-0.0701659328261807	1.3291990578090367	1.3885433860352687	0.993287391965811	1.026607691712818	0.5861979166666672	0.00043658414898709215	0.008142532272160118	0.00039904737545503265	0.008623854394073326
ASV0088	2.229947780708746	2.3006731012453137	2.1220719934213523	-0.18147481603729632	0.911598805272201	-0.2235340609473791	1.0	0.373249655664129	0.9833567053913578	0.3682687173054801	0.9949919303380559
ASV0089	1.5064315405836817	1.7054625878557805	1.385479839132302	-0.329333405195543	0.8642731612925978	-0.18036759940473082	1.0	0.4487711824124463	0.9837725387339502	0.5586286540315644	0.995612542389039
ASV0090	-0.4693711719793062	-0.37812350150073	-0.5609975323260511	-0.1792065822918656	0.9743796878105144	-0.251862162303569	0.9908854166666667	0.15216062684178813	0.7638127972280331	0.3528172453204357	0.969158167652841
ASV0091	1.4659744383372226	1.798694603398667	1.2474143672782274	-0.5569177426963132	0.8749885765508412	-0.2987447722137264	1.0	0.38610312120826656	0.9836372157807889	0.327087589128614	0.9950356026177384
ASV0092	-0.48107243308700465	-0.37280458930924587	-0.6390537145795988	-0.2645996771300787	1.1641329443255755	-0.16862645867432685	0.9971354166666668	0.3400469921529622	0.9384676377419005	0.4238284826029748	0.9848705318158142
ASV0093	2.4889564476329316	2.7439942004205276	2.3378531984151683	-0.40922462058414766	0.8619039313101857	-0.21660033588473726	1.0	0.7242557672199501	0.9868232177393099	0.47466141027165876	0.995612542389039
ASV0094	1.3630503954888926	0.7161180423496526	1.818949012407386	1.1100847117535497	1.170760784808233	0.9304950335961213	0.6382812500000004	0.00043940049995447365	0.008193234622671646	0.0007886315537080938	0.013475211800922935
ASV0095	1.2576185318735997	1.127554438676035	1.4047956677967013	0.2755542507195978	1.1379230083639802	0.060800631477096384	0.9218750000000009	0.8315813804123569	0.9878088845919369	0.7531538989882214	0.9957815404136341
ASV0096	-1.472007427817259	-2.232570154022758	-0.7978928997299721	1.3973443583332577	1.3592460472407029	0.6253256455689625	0.6401041666666667	0.02578612682808691	0.23885703557627355	0.012611499228816556	0.13399478883898489
ASV0097	1.1152863520986334	1.3271920148708232	0.6741256666934212	-0.6449138778468289	1.4070452103194087	-0.15393153564519774	1.0	0.6351973705582258	0.9855179172418957	0.4778721937274423	0.995612542389039
ASV0098	-2.6476858756927486	-2.99485591114412	-2.348507153431245	0.6593600001031492	1.2061306669151157	0.27537796870831677	0.8364583333333331	0.40131199721478883	0.8535774576690089	0.3159268669963854	0.8325140575795409
ASV0099	-3.0931039688070294	-3.2233572787810925	-3.003684409619147	0.21270832929424954	1.360183677411143	0.13454884056062805	0.9265624999999997	0.45617194846305414	0.9169006595616284	0.5351219769919621	0.9602946017717
ASV0100	0.06229350623780833	0.1828373638499567	-0.048937241157735685	-0.2244258758531168	1.2451928667210115	-0.15471392435939835	0.9976562500000001	0.37438017772084453	0.9674141839446738	0.5444431094259834	0.9956992117543285
ASV0101	-1.5243281579889982	-1.5306696120807652	-1.5098790705685816	0.02031750807949062	1.085154026671609	-0.05284492351841791	0.9559895833333333	0.6044517288093109	0.981486798864146	0.7064562489856249	0.9957722819474084
ASV0102	0.26363691699049496	0.38746506610693543	0.12331373873138883	-0.2687670544095706	0.7386422647334514	-0.166171621906204	0.99921875	0.4477699958992763	0.9715575411915496	0.3858810387776134	0.9850434405988779
ASV0103	4.955032604893508	4.921270641542703	5.093515541621255	0.17100947667710997	0.953742402438515	0.04145441838129188	0.9567708333333345	0.8646241192648203	0.9878123894493959	0.9587316993390398	0.9971254542709543
ASV0104	-0.7454968021846365	-1.395372452084481	-0.05884766984097992	1.3273394489364754	0.820180659133112	1.0068351298373277	0.5283854166666667	0.003123192031139634	0.037842379450619856	0.0002436846310642146	0.006173104019264242
ASV0105	-1.8570677209048232	-1.721528324708729	-2.0064439976934985	-0.25681256932963015	1.2457576869510847	-0.10810902804880843	0.9861979166666666	0.5694562978027257	0.9677890621955072	0.5940682735818207	0.981015916562858
ASV0106	0.8946175287272782	0.9484495198881959	0.8122251852759382	-0.12727556523998862	1.133200399762484	-0.0769040334281387	0.9947916666666669	0.48230275466385664	0.9847151512147114	0.6546186471004674	0.9958315333778346
ASV0107	2.077561204458815	1.003745569229431	2.590625166963098	1.5884332009722275	1.0136644802176098	1.1008749835038691	0.5247395833333334	4.024000337873628e-05	0.002415614005622608	8.991009794242838e-05	0.004844529677645049
ASV0108	0.7032978711624779	0.8538808360732684	0.6183619601864575	-0.21845408427430923	0.8146321620426316	-0.21774821960855434	0.9971354166666668	0.3579396988234181	0.9713023855783116	0.32629864087779686	0.984593947740615
ASV0109	-0.9200034356326794	-0.8512395236861211	-1.1210869848686777	-0.2731046540645814	1.2657732301145246	-0.2097215276540921	0.9927083333333335	0.28827996415137563	0.9194587994659837	0.4087029477943839	0.9867605066037693
ASV0110	2.6290908919413702	1.708959731541085	3.33252691739522	1.6202193769455762	1.094294117485653	1.0325116824006573	0.5083333333333332	0.0001188979021175335	0.0038769693592100533	0.00030949881749221846	0.007656752823190351
ASV0111	2.2189277619955385	1.3966020864746473	2.9400392126763863	1.5574409665285058	1.0542643969467795	0.9594974567292105	0.6682291666666675	0.00012450481803111404	0.004015369701012728	0.000390112839173517	0.008594772774283752
ASV0112	-1.395155488912614	-1.5801298790012352	-1.258774514653274	0.3637568159590132	1.2132221528116183	0.13897746543937475	0.9145833333333332	0.5446943114653893	0.9721950424679559	0.539851095378389	0.990247524874094
ASV0113	-0.3593150757780674	-0.3600148226230812	-0.37046988503938316	-0.023007761658242254	1.0900303456686082	0.014625363111781291	0.9661458333333336	0.7521094229505292	0.9874327167534063	0.7857094497716143	0.9958074214947035
ASV0114	0.4152343549013461	0.21205954331173216	0.6256757808148653	0.4133014684483902	1.3195139596401808	0.11697052179844061	0.8966145833333333	0.7687016553659367	0.9877509553200496	0.6734201435471179	0.9957005639644615
ASV0115	-0.6755432202430526	-1.1989522792708773	0.024133063385279263	1.2165018311593008	1.107608122679877	0.5722103906806776	0.7390625000000002	0.05862174010550225	0.39070070256504086	0.020954449064162252	0.20721662882023464
ASV0116	1.437025357939133	0.7807956271830394	2.135482954004791	1.362590625614743	1.2524823152423825	0.8663857894807921	0.6367187500000007	0.0005770331144681996	0.010324246394581153	0.0008929815917551098	0.014761121448757358
ASV0117	-1.5934481351941088	-1.5077473037549303	-1.7039829130624604	-0.17419471449409718	1.2651161153995243	-0.039456154778027344	0.984375	0.6279449165076212	0.9791322016872536	0.674544080880986	0.9957096613239131
ASV0118	2.543313470339913	2.1157303184775733	2.7401397964344008	0.6197905424376116	1.2406182908312673	0.13830554976494938	0.8846354166666666	0.7969287484632649	0.9878450606319996	0.6850406773694303	0.9957308349244166
ASV0119	0.235004063551612	0.22930912929541647	0.2741194327536537	0.04428295660476533	1.0293542207718167	0.14865433829685698	0.9700520833333336	0.32631895565121555	0.9717730750873567	0.5326104772935127	0.995612542389039
ASV0120	0.3366827551366234	0.5077496010614877	-0.022920648052080796	-0.5238405500789154	0.9987466380987831	-0.3237839449838381	0.9997395833333333	0.18415320147880007	0.8747763822423348	0.1288884685348906	0.8065980636565149
ASV0121	0.6196897240452962	-0.25343087626508476	1.161501840196485	1.4189100614192702	1.0052175136791166	1.0764440698435487	0.5408854166666665	9.052139718922979e-05	0.003186029720616931	0.0001350293168159271	0.005131357946666976
ASV0122	0.7265063056283261	0.1327833650683788	1.6791223129425918	1.561685438631	1.3347322237911508	0.9500103940133781	0.7049479166666672	0.00017863978690766267	0.004699085054247059	0.0006545937858007239	0.011851079861488643
ASV0123	-3.000388049823213	-3.0699754558130508	-2.9531810866306945	0.11682458247123528	1.5149517006911504	0.039424929285708496	0.9388020833333335	0.544877619138569	0.9653062380927081	0.5408152971830451	0.9912747226261579
ASV0124	-1.920409089433767	-2.111980316481718	-1.7747352661138776	0.31527576256102474	1.3456096682204486	0.23238355903471017	0.9083333333333335	0.44628077966564855	0.9247373244587993	0.46256088528590866	0.9642806493586353
ASV0125	0.9148123034325973	1.0050190427169958	0.8711162813330935	-0.12771001883897348	0.9244584364395803	-0.055042669872953295	0.9927083333333334	0.8112640504504438	0.9885369566899013	0.8737945586277462	0.9965487198152523
ASV0126	-3.2551956881049353	-3.3535601786521667	-3.207753654873982	0.09872904063731314	1.4820810357049419	0.16754086675757474	0.9419270833333333	0.5029222655785429	0.940563925863749	0.5399760364477373	0.971666118741812
ASV0127	0.891962321201516	1.1153963259444915	0.7023763106689914	-0.414262264596432	0.9264351517179954	-0.3522689111513123	1.0	0.1452714565837041	0.7742531697451641	0.11671877759717277	0.8018440107425556
ASV0128	-2.61419847986388	-2.6359328085312024	-2.610164644974687	0.08561922667776689	1.3150165412386616	-0.010160609394779974	0.9513020833333333	0.5454910791789542	0.9546789455307839	0.609046648936995	0.9806823545278619
ASV0129	2.2211252136522885	2.2502450776984935	2.15685457869636	-0.08974002510668111	0.910801585638509	-0.07210201893805389	0.9966145833333334	0.8224370111304413	0.9876075346617441	0.8525893151836766	0.996138263249863
ASV0130	-1.4288984957273319	-1.5101401667363608	-1.3560548021002823	0.15902359922251064	1.1411568426466518	0.0881871061590099	0.9403645833333332	0.6084738395101218	0.971560872910889	0.6346183443737722	0.9898192772383888
ASV0131	1.8095682077993809	2.0344015539217772	1.6768931748713287	-0.36465613865483326	1.1571784942717018	-0.2094094830527049	1.0	0.479450499534321	0.9851740046156948	0.47925858262820864	0.995612542389039
ASV0132	1.108482078793033	0.5354008902203999	1.816496887595591	1.287023069745552	0.8840820294616067	0.9970811288687622	0.5856770833333338	9.086177304206937e-05	0.0029728462304396837	9.459363492383706e-05	0.004433959505785732
ASV0133	-2.2743321745502483	-2.109171398926051	-2.5320309221203843	-0.45412641191467795	1.2396517891351388	-0.13622023796736257	0.9880208333333336	0.40929553186622303	0.8943362783078332	0.44946098841440635	0.9278820395231867
ASV0134	2.590471697379965	2.6568368463572307	2.542334886913624	-0.11544883419832441	1.1993547336349408	-0.18498780438133955	0.9984375000000001	0.49684119834398055	0.9855607516243899	0.5047677356839327	0.9956183828012525
ASV0135	3.40792182427948	3.605239169839045	3.2912254861880412	-0.31391132441375125	1.234414191405824	-0.06325081083979849	1.0	0.8514283501236336	0.9877033205547022	0.9366924861708965	0.9968460479994704
ASV0136	0.05225484934283475	0.025728665116953	0.06516521961443075	0.025723629547552695	0.928029191207278	0.06439027516006571	0.9611979166666667	0.7190534291833259	0.9873929227962158	0.7763224360739908	0.9962216017071969
ASV0137	-0.9282390442081082	-0.8638483792618434	-0.9908218070470102	-0.1184686182179524	1.3276770996458278	-0.13021619438031265	0.9802083333333337	0.5776052939579898	0.9828102260791866	0.5863996562046754	0.9955183206488174
ASV0138	0.24226294193483988	0.30680213037417486	0.20068086241559685	-0.11645682349909925	1.2845365721875532	-0.03266615505166079	0.9903645833333337	0.7372559327088096	0.9873181824387487	0.8558602142750863	0.9962513538584297
ASV0139	-1.65178339089316	-1.5535292468800777	-1.7632369287186054	-0.1948979434085103	1.2064660798865687	-0.12934053920030247	0.9802083333333332	0.5683776519112662	0.9730288490336478	0.5873824980209494	0.9859724602138907
ASV0140	2.2314888761074854	2.4783635022531922	2.0401519024265813	-0.4361963721297186	0.836453349507805	-0.29938024108889844	1.0	0.16260738743437123	0.9178016787890125	0.18828457308718824	0.9756287512304688
ASV0141	-0.05290598888983586	0.12188667596673348	-0.14445372977525184	-0.26416868308849306	1.190049018110817	-0.1863491374436273	0.99765625	0.6647825515212462	0.9835538903347657	0.6436780141077666	0.995812101329332
ASV0142	-0.3821058266319815	-0.24795102622363893	-0.5708293077627344	-0.33934676032220445	0.8857394041963258	-0.16561235523284945	0.9986979166666667	0.5608690066089759	0.9781935196964792	0.48206246257754815	0.9927780249183384
ASV0143	-1.2189310145254537	-1.2213830677790734	-1.2249563949966356	-0.026772517750982106	1.476738115233421	-0.14527979495439153	0.9763020833333338	0.5644312097872053	0.9742686697238057	0.5922209237511522	0.995878998248829
ASV0144	-1.027032406444909	-0.8805441356440646	-1.195259103572987	-0.35581336678203956	1.1843185922941977	-0.14176797257060098	0.9919270833333336	0.5870709499165981	0.9771391408903543	0.5033132519427606	0.9939226090211662
ASV0145	-2.3029784982866155	-2.313875860509091	-2.3300616252097153	-0.0586765411956367	1.431248938919149	-0.08154951793546866	0.9625000000000001	0.6078022119079374	0.9776116891459551	0.6661402357264724	0.994965171819047
ASV0146	3.0351076638794847	3.0712772730046325	3.0049111478461508	-0.0650502446021457	0.7753737117407737	-0.11797931143305451	0.9971354166666667	0.44147514467933485	0.9845123086701095	0.5873829742299724	0.9956183828012525
ASV0147	-0.48572020476969197	-0.4076534051032052	-0.5511673591171319	-0.1477594988213855	0.8444638916175942	-0.051629566509125466	0.9859375000000001	0.6307210454337157	0.9852516249568659	0.6261950929447211	0.9943132365341202
ASV0148	1.360881048233549	1.3687027652651242	1.3571501202005676	-0.01063122149373652	0.9473559976351198	-0.017276266785026133	0.9835937500000003	0.832851509583447	0.9886197942637672	0.9078882640480834	0.9967063142567356
ASV0149	0.5699293158887688	0.9170456009649347	0.2099956819844055	-0.702559948613575	1.0439017559964707	-0.31437875306633856	1.0	0.29375640862805924	0.9463990119835337	0.18984747312882252	0.9506582089951222
ASV0150	-0.9094696727147393	-0.574863245723334	-1.2714724499779746	-0.7077981978978192	0.9857104785921598	-0.29587682657955294	1.0	0.390940799079208	0.9338669389908906	0.25645398791665863	0.9157829062666785
ASV0151	0.0019257314798588922	0.25004414278581727	-0.31783747630597536	-0.5588836617068407	1.041029910370887	-0.23402143145209325	1.0	0.49653907896498667	0.9737467185752605	0.4826507283272245	0.9938522743674963
ASV0152	-0.8774913980395702	-0.8091599608120713	-0.9570058122903624	-0.14711070554546612	1.187575672025711	-0.03865380195859024	0.9875000000000002	0.6821366121123047	0.9849099581927162	0.7856359734721374	0.9957646952573829
ASV0153	0.8095329981971453	0.8367563451234156	0.7818751409414476	-0.04472661112328913	0.8699641529170075	-0.0977219201008941	0.9864583333333338	0.7820674689168615	0.9869328814025689	0.7966927779383053	0.9963318874964371
ASV0154	0.5665078188563328	-0.16608124612037975	1.348748702958159	1.503199944895172	1.0843066427693235	0.8711864231988102	0.6804687500000006	0.003157777101101658	0.038445682140706885	0.001112286384498802	0.01754865242485996
ASV0155	-0.17116395053898495	0.054433097912142674	-0.3530822580246927	-0.39460628556373023	0.7250027837782818	-0.27604090394006486	1.0	0.25536339109377787	0.9124047938765306	0.20267642579955505	0.89573344033475
ASV0156	-2.0395267343623003	-1.9864279104886242	-2.10857085054392	-0.07254296564120333	1.1089869375610621	-0.17780527907406057	0.9664062499999999	0.48638530255843115	0.9287796140772431	0.5539922826396394	0.9680024833294557
ASV0157	-0.430365832090909	-1.186261820056564	0.02110055816117192	1.2132210566661457	1.3524294585856806	0.698010783798416	0.7242187500000002	0.009005581931500792	0.08956715589079896	0.006961466053674752	0.08006877147325174
ASV0158	3.7907141458648197	3.9294208681999763	3.5418032044692924	-0.38352048118565585	0.8569177493094704	-0.3542950303848088	1.0	0.10282554884312478	0.7700755915747466	0.12575864414850957	0.8883298772077216
ASV0159	-1.020634010010171	-1.1659316376382909	-0.9258010305664719	0.24394905849955006	1.2839914159673889	0.08796368823767589	0.9114583333333333	0.5140302748739681	0.963570466255698	0.5192725952003238	0.9846794114048211
ASV0160	-2.1471773606921767	-2.366623594658849	-1.8989287385355822	0.5094542169974345	1.3754341101482024	0.10093897265320959	0.887239583333333	0.5265099204323933	0.9608789225041057	0.4798663357150358	0.9617507147673303
ASV0161	0.09694723226107463	0.021792121434591204	0.16668534100341043	0.14301930276773311	0.8647518030724837	0.10183594912067784	0.935677083333334	0.7559714600319977	0.9876455929908171	0.6822605964644564	0.9958890003383569
ASV0162	2.6620394958134113	2.8033885459442445	2.5490082545474024	-0.2551987575446033	0.936772466165166	-0.06522726687943882	1.0	0.8836691073891126	0.9885765837698304	0.7761373762816727	0.9957965783994557
ASV0163	-1.8905058215580306	-1.607588469528551	-2.24411670214763	-0.6915485650368889	1.1159626059522803	-0.27829199670822863	0.9994791666666667	0.30027603804234004	0.8411602168578345	0.21238501832048376	0.7947811080072402
ASV0164	-0.7002649552561898	-0.7276571269559066	-0.6769306701241495	0.05331361030929194	0.9962482979757774	0.15516867811111845	0.9583333333333338	0.5504245123391359	0.9839450164084089	0.6108409248869923	0.9957308349244166
ASV0165	-0.6537631559544409	-0.5963974575114066	-0.7132680953900283	-0.09240741953425857	1.352010124976759	-0.0811092456679421	0.9841145833333337	0.6807393638874016	0.986635566481934	0.7527849342125069	0.9960960372997699
ASV0166	-2.3917909384226888	-2.4824787381208426	-2.3527609907176132	0.07020999485776569	1.305444387896065	0.13998071960202468	0.9343750000000002	0.48086413572409586	0.9421752654307503	0.5606145965654749	0.9682647205469146
ASV0167	2.059025582968171	2.009980433800624	2.1574614899593976	0.15279197290544877	0.9504871789442475	0.06708634366072116	0.936979166666667	0.8532417128714251	0.9891259870390777	0.7509211477360445	0.9957334034625513
ASV0168	0.07213788317327724	0.05974003502474802	0.07667615241318337	0.028409099256925696	1.1564395399833076	-0.00835744416088132	0.9666666666666666	0.758390410924994	0.9878342851812492	0.8128522664169613	0.9960243906242998
ASV0169	1.0546778819342895	0.9953030993489814	1.1163995242905231	0.12362112534326664	1.4714886145389976	-0.030460454222165097	0.9627604166666672	0.8248937788261265	0.9883335500425385	0.8844433771099118	0.9964482751797326
ASV0170	-0.6660268850855486	-0.6790873476001741	-0.6708357561462142	0.010723675122547904	1.357860631774719	-0.06300405522906996	0.9757812500000004	0.6741139461529736	0.9823967906273415	0.7384717953758457	0.9958118147972715
ASV0171	1.1397515707624886	1.1606813066162012	1.1111960698100576	-0.05556249531704771	1.1252363959164615	-0.13239002581920073	0.9856770833333336	0.5278676092786818	0.9857355769349813	0.6019154446846888	0.9956257649188046
ASV0172	-0.46043372591012866	-0.31457122768116863	-0.6739984010351605	-0.36081141358275115	0.9668257100796946	-0.1480803825682049	0.9968750000000001	0.6657515509600291	0.9855067861838088	0.5595912105962786	0.9928757175215991
ASV0173	-0.0696165094317233	0.006841400744958578	-0.18114022742903615	-0.2074764162680387	0.9447944133692683	-0.059321951044458435	0.9921875000000001	0.7437737438832519	0.9874800116973849	0.7377685031740567	0.99607289447169
ASV0174	-1.7639550356436082	-1.6465279716160641	-1.9011808228027571	-0.2458464789986976	1.1801685970184155	-0.19626669247172918	0.9851562500000002	0.4561182320738693	0.9391764758156597	0.4582215485495763	0.960801307230522
ASV0175	-1.59927511035563	-1.9646560401562265	-1.4117679166648358	0.549006548746072	1.510255404493966	0.19331771605332848	0.8893229166666661	0.3013726857882775	0.8800825723393941	0.4112868169810987	0.9779065895117087
ASV0176	2.528756460866676	2.433394735320492	2.5710336062398573	0.1341689354149429	0.8789010322043531	0.03672994450810327	0.9447916666666673	0.9074432511873409	0.990378628672953	0.8577525614896079	0.9962652287728714
ASV0177	-0.17754681044134543	-0.12430659899656907	-0.20066994624484957	-0.0677436683617354	0.9163596493404154	-0.12162077745000137	0.9851562500000002	0.6210603012322423	0.9851135830460064	0.6680110127067659	0.995744897473982
ASV0178	0.924197852470366	1.063128901914911	0.8083713636474464	-0.241988782839605	0.8117027342257013	-0.07157025661870983	0.99921875	0.38952650611914863	0.9824546587846498	0.5959222099222073	0.9958715832443291
ASV0179	0.17486941974793616	0.3084848198208288	0.016526994345757908	-0.2796126861186454	0.9569564894572595	-0.06914244660454195	0.9984375000000001	0.5405402180836594	0.9818323453938013	0.6970151442518624	0.9957608453743882
ASV0180	-0.8045220248242871	-0.7525894363618963	-0.8545273456314793	-0.11802380587424333	1.0217220855209346	-0.13573730850748378	0.980729166666667	0.5617380392176978	0.9800067684827776	0.6087654226647988	0.9957978789876156
ASV0181	-0.6616372165291587	-0.6904711167258326	-0.6435742402230109	0.07933986376449531	0.9040192137753005	0.014697678011174244	0.9520833333333335	0.6747506578813995	0.9858868410229551	0.7587184778036038	0.995854496104908
ASV0182	0.8185968209897642	0.9815092242582779	0.624218418893423	-0.36081583821550556	0.88911558891309	-0.23594266269089736	1.0	0.3347454080381498	0.9769469246659163	0.36908233306271565	0.9944820021232249
ASV0183	-0.4268683106511259	-0.3410602309124442	-0.5009647971595047	-0.14416054059779881	1.1102603717021484	-0.08678207665450949	0.9901041666666667	0.6782087408360451	0.9828565030075448	0.6981935510465799	0.9957506803563305
ASV0184	0.30584366865951124	0.3529154862537705	0.24720459842267256	-0.11447538912598665	1.0054023195134718	-0.09526747193601079	0.9859375000000005	0.5895131747460536	0.9847544308581411	0.7661842598766575	0.9959017089747487
ASV0185	0.45509510179959944	0.5681393419095708	0.30350876096236706	-0.24653312244638648	1.2655560108362494	-0.17601815419906588	0.9989583333333334	0.6387577146675514	0.986561538942949	0.4901136252775017	0.995612542389039
ASV0186	2.6985745264073078	2.7391899857670343	2.6536851628062705	-0.08630376429636111	1.128355080108791	-0.230037601452677	0.9973958333333335	0.3939386236274158	0.9844706441915899	0.504087974720791	0.995612542389039
ASV0187	1.635491220938768	1.5249977533996117	1.7686985002412507	0.23881078471140582	1.1028013006168806	0.0864475771755509	0.9184895833333341	0.8991860536181913	0.9897071588633627	0.8850421579070137	0.9961656825198425
ASV0188	0.7155902103082726	1.0739147427009055	0.4306699312535858	-0.6366117023101352	1.069986930879932	-0.3027541658298091	1.0	0.2463544640363018	0.9254619231769757	0.18167349555600157	0.9137688475105241
ASV0189	-0.5473508026618612	-0.548060593310535	-0.5452334971225457	8.814559477898776e-05	1.1223945529684063	0.07152051274691235	0.9700520833333333	0.6742605749105297	0.9830253679802542	0.6912364829987508	0.9956535514623915
ASV0190	-2.033357102600258	-1.8068197986865941	-2.2590350592417523	-0.46761488466011736	1.1705278769625738	-0.32597583021889476	0.9919270833333335	0.3184100814435891	0.8454098277504517	0.2683324337781041	0.8501170643737621
ASV0191	1.848338729952654	1.5835370058702243	2.0370011379539275	0.45459990539154904	0.8485188203564638	-0.08116846058105909	0.9093750000000007	0.6647044302580549	0.9864503900529327	0.8621542923653429	0.9961336147910487
ASV0192	2.2578607668548027	2.1113382322994374	2.3305688961145665	0.2256675604545033	1.0183470681250093	0.12214792749294416	0.9416666666666673	0.5553658893250967	0.9861006327601769	0.6510865627495952	0.9956992117543285
ASV0193	0.15832695565811475	0.3546509422316628	-0.1014430630608241	-0.47751600458604004	1.041227330140601	-0.36702313771646866	0.9997395833333333	0.16499936442994423	0.8477196738396995	0.2097199682882301	0.9317528404434833
ASV0194	1.1346160554730034	1.343995839964772	0.9953396129437826	-0.3536176128514106	0.8883305278728701	-0.28701768799850896	1.0	0.22511123179040518	0.9325735975988089	0.250828904957865	0.9765155492715829
ASV0195	1.4744993791148355	1.570067298008675	1.3370442988023978	-0.2214030681415653	0.8893097831948682	-0.16743716750710264	1.0	0.6289247452294167	0.9858952094685515	0.4421980202476649	0.995612542389039
ASV0196	2.1008396272059873	1.2696993789267879	2.9704239656461735	1.687156959579656	1.0171648982098767	0.9599617162016455	0.6669270833333344	0.00010671019205106994	0.0037040819214783118	0.0002049043585885402	0.006423308130185781
ASV0197	2.3263090407195737	2.309695715401644	2.346930060534805	0.026557971626117283	1.0314153292953996	0.032555220597683523	0.9726562500000003	0.8646936674363314	0.9884961502176047	0.8658485975020683	0.9962462499936446
ASV0198	-0.7845066359150878	-0.6230036358674835	-1.0272568064803422	-0.41569114410432917	1.1365254222616947	-0.3128740717619146	0.99921875	0.3519866473642747	0.9144024428725679	0.281018779466315	0.9453799978645931
ASV0199	3.537399842400809	3.626656561573991	3.456791075624701	-0.16864942194368981	1.0098512035829204	-0.13751429459194053	1.0	0.7254712123234879	0.9868311101252937	0.5615831604514646	0.9956992117543285
ASV0200	-2.3215891099551853	-2.300878630430308	-2.3474921982403463	-0.07723107486619796	1.19541866364054	-0.04043446215255838	0.969791666666667	0.5933680497086655	0.9755807127157845	0.639006166199934	0.9904973937989723
ASV0201	1.4787928357252782	1.598146564022279	1.3409107147497756	-0.26747159587066904	0.8583767820279986	-0.16695043380482497	0.9981770833333334	0.568823677467179	0.9853346224804937	0.4593125545612087	0.995612542389039
ASV0202	1.407630551023748	1.457489866938455	1.310648789729386	-0.15602479572411898	1.015302140285326	-0.007416995091920316	0.9963541666666668	0.7599617621184861	0.9874838365816438	0.8153626816794862	0.9958863146116498
ASV0203	1.8072271034082434	1.9815832829700426	1.4751048853611257	-0.4949826474317056	0.8902162072520108	-0.274389574064738	1.0	0.5954632483888779	0.9870348294043986	0.3936348102957366	0.995612542389039
ASV0204	3.4446205395418925	3.3998418831724413	3.4875611611301816	0.08069277712021372	1.0981691711842232	-0.04451013701468286	0.9885416666666669	0.8166907132579233	0.9875582352190897	0.8795089230784404	0.9961346056336374
ASV0205	2.4067970862654042	2.5916154261409585	2.2721355676282284	-0.3118817060378487	1.2235730562399598	-0.28165357601749963	1.0	0.2919799088270205	0.9816834970038063	0.3306203572500278	0.995612542389039
ASV0206	-2.1690774566098026	-2.241996203484217	-2.110148511731371	0.11075612638728094	1.2072252818597784	0.06606101909434232	0.9364583333333332	0.5447194753110672	0.9586251901494444	0.5768095238582457	0.976772859183438
ASV0207	-2.2991181024544267	-2.177799807389692	-2.4688039140102314	-0.2599165923298814	1.3170285532772352	-0.1316298766468954	0.9848958333333333	0.5568999279041307	0.9585331563386361	0.5763672515930188	0.9671268164485266
ASV0208	1.981600367009407	1.9598399745575206	1.9909019050793269	0.016688335264424925	1.3050168005351575	0.008922548859257418	0.9799479166666671	0.8623697133970335	0.9891992440453486	0.9126644717672239	0.9965759889101881
ASV0209	-1.1059829251376516	-1.510852628124696	-0.6074497759426529	0.8791963673494783	1.2876105632826305	0.5686878213222266	0.7541666666666668	0.06343057973740705	0.38586802781642654	0.034429738823332036	0.3117735347977795
ASV0210	0.001621229198162405	0.24997629578922978	-0.1391114110942453	-0.3885607688690236	1.0295187309017941	-0.40086616461536856	0.9984375000000001	0.15149076658135252	0.7667550048062771	0.1262869774169993	0.7869789016974257
ASV0211	1.8823357256179025	1.92863794724389	1.8589572421152551	-0.06317519659150084	1.198979347650656	0.007106637520398393	0.9958333333333335	0.8846507914147309	0.9885071760929502	0.9328224282270672	0.9966236445797263
ASV0212	-2.095093410704388	-2.0889877966839965	-2.116842519222601	-0.02969833911553943	1.1509187741536002	0.0007256124394247894	0.9632812500000001	0.6297219743565051	0.9808063812290758	0.6427869429036561	0.991022582684365
ASV0213	-3.279930807726528	-3.2884946283432646	-3.315618132921316	0.04793404879811658	1.3673206986171536	0.05460966837709022	0.9520833333333335	0.5316313109682621	0.9487583170564942	0.5613760521076157	0.9766076024960914
ASV0214	1.6181058349761042	1.6652349349857827	1.5386879463209657	-0.12054831479912531	1.0919807842241207	-0.0700414052565865	0.9973958333333335	0.6647711509636464	0.9862836545868802	0.7651041799621547	0.995902081387754
ASV0215	0.5959412421754937	0.5709115777445486	0.6303179021378186	0.05438953752419606	0.715759209607735	-0.05767674768603244	0.9596354166666671	0.6619939492753155	0.9861432321619639	0.5959918052458999	0.9957642822368346
ASV0216	-0.2841539519210509	-0.14620123603882332	-0.41798834232492177	-0.2817487730251593	1.265109059953703	-0.16904970931105298	0.9963541666666668	0.5037782904333609	0.978444341113869	0.5299234838499942	0.995560937437327
ASV0217	0.11865892559718053	0.03751160963779122	0.20026418347311395	0.1608430088719628	0.9933701477027643	0.09555774650143523	0.9526041666666676	0.7156335062806577	0.9865450466771876	0.7522469211076016	0.9961038812597489
ASV0218	-1.6978749561852158	-1.5439913569045776	-1.836856215111433	-0.2872074763002468	1.0611334828531809	-0.11896150113586428	0.9929687500000002	0.5841911627622851	0.9717012881029862	0.5719919983481199	0.9846881384084413
ASV0219	-2.066056596664164	-1.9876929809237316	-2.201262462163245	-0.1927454413320011	1.2335373102894274	-0.0005489719056312025	0.9781249999999999	0.5730381000712467	0.974581355756571	0.6449051956506177	0.9951608492887268
ASV0220	0.24698955915652743	0.3760966795267037	0.1239253012330604	-0.253093454448462	0.9935810854268059	-0.13332893722447184	0.9981770833333334	0.40653757080557673	0.9776958117079365	0.5044476549860533	0.995693371342115
ASV0221	-1.4750764845204207	-1.5184731929530804	-1.464186082110964	0.08923076266885199	1.1154095434375313	0.0861374047060722	0.9502604166666666	0.5673036903663107	0.9756749342396185	0.6307822960662894	0.9887108455708719
ASV0222	-2.893590509687157	-2.8654986591588045	-2.983327388486858	-0.12190398844023598	1.3492294868601333	0.0052193046453097545	0.9575520833333333	0.5267598228462728	0.9406121582746583	0.5456921448805171	0.9644360429752672
ASV0223	1.8280478990815505	1.8252457902236354	1.8251442723434637	-0.012637964258471746	1.3369665002161426	-0.12064676409014588	0.9750000000000002	0.7347895234276653	0.9871093646602614	0.6994279264979227	0.9958549982772731
ASV0224	1.093427132963356	0.5413269843670301	1.8287529349526785	1.2784732314206522	1.046150705737305	0.8366197869809948	0.637239583333334	0.003807431517658747	0.04846268633992509	0.0030670790179664837	0.040740319581717845
ASV0225	1.144734410144546	1.0528575181567992	1.2991847997673653	0.2506307458925796	1.075871462816887	-0.09231620210127915	0.8914062499999996	0.4916408020386046	0.9846184659101994	0.8682377092247545	0.9965261201106452
ASV0226	-1.9586994650850396	-1.7898417038883114	-2.1198001970167306	-0.3269523357343178	1.2566523755079966	-0.11839021296544938	0.9890625000000001	0.5519796710530647	0.9615989693966966	0.5881180560628511	0.9897052554375165
ASV0227	-1.531666296723726	-1.7067167253526319	-1.3649286511783103	0.36416145660648813	1.2457232779737255	0.0966018355339988	0.8986979166666667	0.578823794042065	0.9698754052599988	0.5649514908900022	0.9870455224742286
ASV0228	-1.00049133999301	-1.010935939566961	-0.985427542744486	0.04539055300523365	1.1092794085102156	-0.0663787430453506	0.9598958333333336	0.4928099773264697	0.972057150070724	0.6441668737604443	0.9952699379564145
ASV0229	-1.4378143544252278	-1.4742366858455291	-1.3916464313553032	0.10099894640822837	1.1618989771735941	-0.017162253668546117	0.9502604166666668	0.6122205004702457	0.9807637538306536	0.6996286143582305	0.9959563708081954
ASV0230	1.0937708492949265	1.4216338634920347	0.8043886650530653	-0.6137325204550834	0.9991117194093007	-0.19504732708431255	1.0	0.5517770364044758	0.984634980756955	0.48521515575276886	0.995612542389039
ASV0231	-1.7388298416998078	-1.6220274786446707	-1.9104808459478553	-0.33234622035969164	1.44110460953992	-0.03404904657843812	0.9848958333333333	0.6623585873684378	0.9803942154706508	0.6769919284522752	0.9923511316478201
ASV0232	0.7280757141840059	0.7711044777643616	0.7028329557847344	-0.07100292522071427	1.0737645029532132	-0.04561523765201521	0.9934895833333335	0.7801079321999862	0.9876594949577319	0.8517534639870458	0.9962505035367265
ASV0233	1.154793530272991	1.3100280766467167	0.8487159270439727	-0.46103284734630146	0.9377762848148055	-0.2529670592870966	1.0	0.40639746323559073	0.9821743247351749	0.3460956165151695	0.9956183828012525
ASV0234	4.662845830593044	4.711608994894918	4.637094235035461	-0.07999058768043321	1.2363580657097146	-0.006902759222555627	0.9989583333333334	0.9486310072642227	0.9916516867117309	0.9632805267163839	0.9974637914752127
ASV0235	-2.2243284275740876	-2.165991002465319	-2.3043813280607246	-0.11344093293937041	1.2160338715860608	-0.05807132251148879	0.9768229166666668	0.5873123988894303	0.9566479608424703	0.624865608251248	0.9855145505226366
ASV0236	1.9192460964707176	1.7944057470061796	2.0249483053851827	0.23823596769650823	0.9850796091524237	-0.17377896214152888	0.9505208333333341	0.6887639815267239	0.9865917661205797	0.6610551242802508	0.9956992117543285
ASV0237	1.3593153922618768	0.32562402132383894	2.3610023797886814	2.042134722599659	0.8824361791605551	1.3436055163607796	0.47916666666666674	1.1959527151537498e-05	0.0008532946886640473	3.482228112439316e-06	0.0007675493635776283
ASV0238	1.392755297300706	0.7311294883461449	1.851916753025536	1.131997188450863	1.0326556563037979	0.9397963461389283	0.7031250000000009	0.00022937079938309247	0.005452753427492524	0.0006130708019113408	0.011422494930855764
ASV0239	-2.608458645749575	-2.3998018783694275	-2.8309562036824416	-0.397320286261031	1.4266782379280507	-0.11437697089473789	0.9921874999999999	0.5553440134216581	0.9476938815211599	0.5700966044727558	0.9661709566575322
ASV0240	-0.5502077651565636	-0.23211832746171046	-0.9856956944353142	-0.7469657364305293	1.4579901042448522	-0.3290052102693406	1.0	0.31800892529118246	0.9353687850360929	0.2640118739304661	0.9643416584000838
ASV0241	1.8751395699478248	1.9569386600918768	1.8224785677728184	-0.13821629823811588	1.2128120430301865	-0.3064462117476793	0.9979166666666667	0.3061688736133417	0.9810449053572121	0.38884638978064445	0.995612542389039
ASV0242	-0.43493801614072775	-0.15067814607924748	-0.7393337991373062	-0.5908423360222981	0.9307691289576905	-0.31577862661693773	1.0	0.2587170640308973	0.8806915102266337	0.15682963379092002	0.8110365924394461
ASV0243	0.31783897266803207	0.32156844755339026	0.3161986095861214	0.019397576756083	1.025704802466651	-0.004813027307465278	0.9768229166666673	0.770489612730186	0.9877967150601189	0.8194969323233133	0.9960369295198072
ASV0244	0.1422626744474399	-0.2873218065493133	0.8865602459659359	1.1713350062372045	0.9415012596770433	0.8006310736507636	0.6481770833333338	0.0014910998210667257	0.02140017503428096	0.002388729559975367	0.03231093471895995
ASV0245	2.605644694360509	2.752789710261725	2.5351189094526014	-0.22523051458976928	1.174076135095842	-0.039653314149993804	1.0	0.8141928028087724	0.9876589686029565	0.6787762286913276	0.9956992117543285
ASV0246	0.5054521566690969	0.5925632113180681	0.38421458087474875	-0.1899627581072607	0.8480564111878048	-0.25289662968807697	0.9979166666666668	0.33880233540536764	0.967780552287775	0.4075095304164424	0.9925356781261704
ASV0247	-3.166623336360655	-3.184600257588775	-3.173102263184706	0.06782780957840862	1.4827082621448655	-0.09491097459981346	0.95234375	0.5282574129465271	0.9635052965762859	0.5783861943501863	0.9846203568866113
ASV0248	-0.05890445177353081	0.07112613117394354	-0.31409880266573825	-0.3760750137987474	1.1008683136542141	-0.25256149601962163	0.9984375000000001	0.40192046624144495	0.9673059876811101	0.39257381736327496	0.9890629249431213
ASV0249	-2.397321409727063	-2.43947354724717	-2.3488791527867106	0.121804058011445	1.3196719169587905	0.06580078103514456	0.9341145833333333	0.6149265992198281	0.9752743363392283	0.6214309683864705	0.9810178798598012
ASV0251	-0.3616514993656858	-0.42171091350744144	-0.30105622545697075	0.1186712353007402	0.8726397016279233	0.012802906856731643	0.9330729166666671	0.6798184522377182	0.9869143905367554	0.7749951541030171	0.9960565818683507
ASV0252	2.50018328128452	2.656797737065053	2.3244516238817314	-0.3280939434549066	0.973324520435382	-0.19136189610680052	1.0	0.5049916337973296	0.985143931184213	0.5213868522517552	0.995612542389039
ASV0253	0.6363428976697699	0.7656786720238267	0.4275032818449609	-0.34386172460338793	1.2084934319874117	-0.1301020222066882	0.99921875	0.593841186471759	0.983495948940628	0.4042456213177704	0.9938983478755057
ASV0254	-1.3025818873598305	-1.2121442485546126	-1.4434985415889343	-0.23556221366458718	1.4174497784061588	-0.15308827958439386	0.9880208333333338	0.553123920860512	0.9634248916950652	0.5792568872302092	0.9939137685142418
ASV0255	-1.6610113209854038	-1.684242891807289	-1.6824435019045423	0.006590552470601141	1.3050755435833508	-0.09399299382234266	0.9664062500000002	0.547825300626012	0.9760199140552769	0.6624128653532125	0.9924953485839493
ASV0256	2.75347562127142	2.8546678154548313	2.6883344266888054	-0.1664573802705509	1.1825601713510516	-0.10652802501969616	0.9997395833333333	0.7150387354646239	0.9867969359816096	0.7384221405072433	0.9958542495210025
ASV0257	1.1856868776139795	1.1078461810859777	1.272202639372753	0.1734905367848456	1.133593349348458	-0.05979161894244694	0.968489583333334	0.8527138395913045	0.9886084960066944	0.8931311601816636	0.9962508933036718
ASV0258	-0.6057348569947258	-0.5851998622795275	-0.6570691698101966	-0.05432532920759492	0.9170574019404012	-0.12860057306723519	0.9802083333333338	0.5297428597979182	0.9768164070730697	0.5300684916853451	0.9933986184814451
ASV0259	-0.13289735855272336	-0.20832606036996984	-0.09248364887583828	0.1379862590800549	0.9502454512432863	0.06112355793581116	0.9484375000000004	0.7215140583589791	0.9875295140817502	0.7346419975957768	0.9960372258082472
ASV0260	-0.4389995131425634	-0.26651395261285105	-0.5692961360443669	-0.30229074531968414	0.9707803526190204	-0.15412578142194033	0.9968750000000001	0.7082789078433123	0.9864024574840707	0.5823461644675575	0.9957580075186939
ASV0261	1.9321068217065511	2.074273909695905	1.805533865061512	-0.2688107603278822	0.7813680405745347	-0.26716587147362975	0.9997395833333333	0.27051989079245636	0.9794457498770625	0.2944860285092343	0.9944698294181785
ASV0262	1.3732584199359752	1.2850378051224982	1.4579124493619884	0.17047214319201465	0.8906769900945475	-0.04068709331472255	0.9151041666666673	0.6300441142201105	0.986021881695155	0.8918977650853785	0.9961232222283515
ASV0263	0.08455430997528204	0.1987371823733482	0.0011271342961985988	-0.21009069554140236	1.1437717399523515	-0.17398778837998882	0.9908854166666667	0.507193590968949	0.9789303579008141	0.5133435318891704	0.9956833275269179
ASV0264	-1.2630271792335117	-1.1018960740164476	-1.4447086385620036	-0.3356374394333608	0.8783162490398579	-0.14657407739756595	0.9953125	0.6178697901669995	0.9780375079221175	0.5437625230109937	0.9803878168605816
ASV0265	1.0344410472076706	0.9852001340628984	1.0876237609922286	0.10599924966468222	1.1769164985784697	0.006555588932632778	0.9645833333333342	0.8496735314382975	0.9887145303535912	0.9031860502498529	0.9966977325690077
ASV0266	-0.9730948770392049	-1.0440847791945207	-0.9361801760218449	0.09003734460896062	1.2288272414010935	0.03644777303930356	0.9489583333333331	0.680965957189633	0.986332964107342	0.766582540801926	0.9958014947181182
ASV0267	2.097400159512522	2.282837144885275	1.9191019864474235	-0.36823672953972	0.9568703912653169	0.008253278517213077	1.0	0.8528214919550418	0.988476749185844	0.9049796545477017	0.9966345842958717
ASV0268	-1.7977325029607265	-1.7342166687067042	-1.8831556229220463	-0.17286536268384944	1.2998398448839334	-0.0760768325536875	0.9747395833333334	0.6582424898423662	0.98453323407851	0.6981937727556421	0.9959601082899155
ASV0269	0.5776779818459323	0.7357880100435972	0.4529413995967784	-0.2841389668961438	1.1260019001859396	-0.11654804269921369	0.9986979166666667	0.7728234986839805	0.9877887443102101	0.5381288169035967	0.995693371342115
ASV0270	-0.5143306614742786	-0.31245447881562094	-0.7524159899919327	-0.4250555902855704	1.1515970914475655	-0.3315880284081054	0.9994791666666667	0.14294692390439467	0.7176325438321081	0.19651484234339558	0.8998757425309329
ASV0271	-2.377256769106686	-2.3296773426374244	-2.462241252454109	-0.14482660093743016	1.2567377767434804	0.020293047107358443	0.9684895833333335	0.5856313560770694	0.9625896342996306	0.6200234476691567	0.9708335579319957
ASV0272	4.216390356943111	3.9124674654347036	4.964478096624802	1.0522596021874613	1.5302472794130493	0.6594950727292015	0.7291666666666674	0.006144918568097159	0.07346937298759366	0.00905746198007386	0.10319926103110326
ASV0273	3.6210545943630437	3.7052105869841307	3.3782450250853238	-0.3256219328460983	1.0835151279507638	-0.07107658475020184	1.0	0.7607925272557028	0.9871603234124408	0.6931999995815914	0.9957307095802392
ASV0274	-0.36788416020503695	-0.2778929774460874	-0.44198192579526846	-0.14958436665670183	1.1153871374146689	-0.1831742775085823	0.9888020833333335	0.3611916594180262	0.9603600847820654	0.524418242218307	0.994813448245385
ASV0275	1.437685189653064	1.4411056994172375	1.4179688931076266	-0.018516954185212375	1.1564259078131367	-0.0663442850228173	0.9802083333333338	0.4756880039464777	0.9846363338299806	0.7519902699779207	0.9958165953227903
ASV0276	1.1415688733889242	1.1531061710372617	1.1200038205424365	-0.031020583005312075	0.7956489824872222	-0.1326244547807223	0.9794270833333335	0.40049838043444197	0.9812426278259688	0.6675515413545717	0.9957806941720451
ASV0277	-3.3610554739364655	-3.378938937702437	-3.392170763295462	0.019765677449587793	1.3296560600832035	0.030382716260325078	0.9541666666666667	0.5274912615872658	0.939287310776184	0.5469108638995146	0.963559598376296
ASV0278	1.5389236055996178	0.6019000724820223	2.1690480452712397	1.5753133139131457	0.7458745166458545	1.3765549077664194	0.44609374999999946	3.399142383558348e-05	0.0017262756524199544	8.163990724706046e-06	0.0011857940295933315
ASV0279	0.8238132968056688	0.9036579107186838	0.7207804045983507	-0.1696858127833607	1.12183551661843	-0.0488377403437586	0.9963541666666668	0.7078370074096576	0.9875260763055882	0.7494276765532125	0.9956992117543285
ASV0280	0.7863236316170411	0.7713100562796954	0.7932024688457899	0.017410717741682458	1.2345515885228	0.009082329711740413	0.9742187500000004	0.7004259323655271	0.9866826667591714	0.8761943862838412	0.9960933763439574
ASV0281	-1.9047609215801018	-1.75320612370497	-2.045310768738109	-0.2874401807209579	1.366220711061331	-0.1933984453318634	0.9856770833333331	0.5208093389922974	0.940411587146876	0.43925868315411265	0.9497982861416474
ASV0282	-0.23846071352336945	-0.014848366797870067	-0.47321720823237456	-0.4479252290098825	0.802386758205587	-0.2464177544954244	0.99921875	0.24327170409733914	0.8905866052788499	0.29220181025081826	0.9357427923251793
ASV0283	0.4488876516090398	0.42818145336099256	0.4598216918863978	0.02209474820063595	1.1770319190791656	-0.05824664172033721	0.9687500000000006	0.6248578546631304	0.9858619295466952	0.6849219160450242	0.9959889198855014
ASV0284	2.0602475029202543	1.9635830532368115	2.149918031431551	0.18323728653832028	1.0479868834190091	-0.025853031546438945	0.9260416666666677	0.7061646980163797	0.9868227257314686	0.9270138853337238	0.9968088758541452
ASV0285	0.8124460943294995	0.7891952470704995	0.8330783236597279	0.03455381294186344	0.8735033557491665	0.043329137045881684	0.9635416666666669	0.5979755567613808	0.9859723783210617	0.7707755799583477	0.9960119686394819
ASV0286	0.31129599740657027	0.41792345032520595	0.08949431559382812	-0.3112621599550196	1.1935044831074193	-0.10394019213421632	0.9994791666666667	0.727320460930159	0.9872725686027765	0.8191450166088786	0.9961851518830428
ASV0287	3.5421960850095817	3.6690850255562926	3.396199461887711	-0.2614385894466842	0.7437828594990341	-0.18209023747697684	1.0	0.2992971859844566	0.9828531036699084	0.3241882613796701	0.9956012065213942
ASV0288	-0.025614723905528845	-0.1682416232166155	0.08867370444453564	0.2691692964979353	1.1410396210748073	0.06172201319377077	0.9283854166666667	0.7093827580631484	0.9870241112389576	0.8043715184742964	0.9959997993594744
ASV0289	-0.8669032500368667	-0.6201302620088726	-1.1067603052948614	-0.48272708591329283	1.4752094156696598	-0.23384284685939388	0.99921875	0.4919387073013233	0.9648716837949204	0.4843628683547371	0.983495569766847
ASV0290	-3.337381226192569	-3.369551848984008	-3.331506232200604	0.04924803051599014	1.333005053247477	0.07656103935327813	0.935677083333333	0.4795843070670375	0.9198206816888879	0.5125901759430337	0.9330923026808369
ASV0291	2.93686016607034	2.9453125358698773	2.9326357761735555	-0.008680202200765041	0.9837878167738836	-0.04992356814507637	0.9838541666666671	0.5712049506171358	0.985886936371309	0.8310533517893008	0.9959170801710381
ASV0292	3.289454847363003	2.950756738314772	3.8552361629106833	0.9085110571385153	0.8989624825607949	0.7418535392452705	0.730989583333334	0.0029962309471876837	0.04004197260992191	0.006022679205380787	0.07336340007445319
ASV0293	2.2903432749767614	2.5484237618836127	2.0096773335120734	-0.5562826540337216	0.91402373368795	-0.208514040955857	1.0	0.4807368749741231	0.9855357483736374	0.42499274009745674	0.995612542389039
ASV0294	1.4485219484243848	1.478725753847878	1.3210087791346934	-0.16726796690950674	1.0608200652722806	-0.13706608727254616	0.9960937500000002	0.3670822863045169	0.9815013363606555	0.5054963840672354	0.9956183828012525
ASV0295	0.5948851754558446	0.8933664475052934	0.3848340845973408	-0.48865388283809863	1.1508081271430026	-0.17523450809853908	1.0	0.35548077763991975	0.9683681255404786	0.44228770464233297	0.995612542389039
ASV0296	0.21229698454537654	0.1560468266032634	0.3006480855723117	0.14489970747017078	0.9250245468542411	-0.07087852314072277	0.9411458333333341	0.43944877397056964	0.9841075894050525	0.7962083008909693	0.9959685717707822
ASV0297	0.39361108848198945	0.5256826789068318	0.2625832930961264	-0.24989018546038322	0.8410970682255055	-0.1971614606622006	0.9981770833333334	0.43078235931682973	0.9762709661961698	0.49085381103983655	0.990700727235979
ASV0298	-0.1875006298685275	-0.010920254170448295	-0.307722332927026	-0.3130550941943846	1.1165388487741876	-0.12945529130653355	0.9950520833333334	0.6351129172591377	0.9858685229371736	0.5837768102427877	0.995693371342115
ASV0299	0.5812798910496546	0.37556110692320527	0.7274253587133085	0.3210410238052872	0.9534359419530709	0.1372213433101942	0.8888020833333334	0.5998822002402244	0.9859629433109979	0.5638902779276673	0.995693371342115
