	lfc	lfc_raw	se	W	p_value	q_value	passed_ss	prevalence	structural_zero
ASV0000	-0.18546054552947872	-0.48495721292982014	0.2350318277475602	-0.7890869390194917	0.4366922285792018	0.971370324526798	True	0.95	False
ASV0001	-0.11914780238660116	-0.4186444697869426	0.2630929355206769	-0.4528734386227453	0.6541296961060064	0.971370324526798	False	0.9666666666666667	False
ASV0002	0.004991686431829179	-0.29450498096851224	0.1989084330308094	0.025095398700647368	0.9801568715112587	0.9948221407745447	False	0.8666666666666667	False
ASV0003	0.2727905494405754	-0.026706117959766	0.1880634713813413	1.4505238440878865	0.15802360909187085	0.6749865588352769	True	0.7833333333333333	False
ASV0004	0.0890988855167461	-0.21039778188359531	0.2793480589460373	0.318952942980562	0.7509080543117	0.971370324526798	False	0.8333333333333334	False
ASV0005	0.7749726073418669	0.4754759399415255	0.17921669294794523	4.324221112410345	0.0001752089596589503	0.0018064647909664187	True	0.85	False
ASV0006	0.13268629324107112	-0.1668103741592703	0.20624162921152991	0.6433535932989677	0.525229218973429	0.971370324526798	True	1.0	False
ASV0007	-0.0687162362122517	-0.3682129036125931	0.2695124212656899	-0.254965006397646	0.8006135757732069	0.971370324526798	False	1.0	False
ASV0008	-0.060531399883517356	-0.3600280672838588	0.21195706307656567	-0.2855833110956603	0.7772993513201342	0.971370324526798	False	0.8666666666666667	False
ASV0009	0.8689062214821018	0.5694095540817604	0.19742752400859792	4.401140245492119	0.00014218612523694767	0.0015183446944945483	True	0.95	False
ASV0010	-0.1272525283811416	-0.426749195781483	0.26730189503354684	-0.47606294884355826	0.6377232400123323	0.971370324526798	True	0.95	False
ASV0011	-0.02745538119087243	-0.32695204859121385	0.21296088236096897	-0.12892217991628868	0.8983408401047235	0.994440111075965	False	0.9	False
ASV0012	-0.1107131178976753	-0.4102097852980167	0.19495874154273313	-0.5678797319965672	0.574642583858777	0.971370324526798	True	0.9666666666666667	False
ASV0013	0.08863305101689084	-0.21086361638345058	0.23180298342651617	0.3823637198569034	0.703589154405061	0.971370324526798	False	0.8666666666666667	False
ASV0014	0.05919809475125837	-0.24029857264908305	0.23837687601258725	0.24833824379900202	0.8056850852262404	0.971370324526798	True	0.75	False
ASV0015	0.16456938312795863	-0.1349272842723828	0.20676574296444794	0.7959219006421934	0.43277384472644015	0.971370324526798	True	1.0	False
ASV0016	0.2615908232869276	-0.03790584411341381	0.2503822374493785	1.0447658985386903	0.3004660874127201	0.971370324526798	True	0.6333333333333333	False
ASV0017	-0.3259856915611863	-0.6254823589615277	0.29065535904255163	-1.1215540378646944	0.26667411286137666	0.971370324526798	True	0.9	False
ASV0018	0.19978740329352113	-0.09970926410682028	0.09974028995120206	2.003076223171871	0.05493530277015734	0.400625744592123	False	0.3	False
ASV0019	0.06452150602514697	-0.23497516137519445	0.21778523796551197	0.29626207280111644	0.7680881907384891	0.971370324526798	False	0.4666666666666667	False
ASV0020	0.05313754753216188	-0.24635911986817954	0.17786790508945163	0.2987472501317112	0.7673389327974779	0.971370324526798	False	0.45	False
ASV0021	-0.17197593702169722	-0.47147260442203864	0.18604592707317966	-0.9243735658564128	0.3631901641547086	0.971370324526798	True	0.8	False
ASV0022	0.024537557559261902	-0.2749591098410795	0.18941901425898897	0.1295411532746769	0.8973776674519849	0.994440111075965	False	0.6666666666666666	False
ASV0023	-0.0587595027836707	-0.3582561701840121	0.21576566716605755	-0.2723301791032779	0.7873663924894948	0.971370324526798	False	1.0	False
ASV0024	-0.17192153115104802	-0.47141819855138944	0.19209884812260175	-0.8949638836008215	0.37843570022953654	0.971370324526798	False	0.9833333333333333	False
ASV0025	-0.010051068542070885	-0.3095477359424123	0.21242793525652431	-0.04731519199644523	0.9625978937041161	0.9948221407745447	False	0.95	False
ASV0026	0.19356153972207663	-0.10593512767826481	0.08589827883347635	2.2533808866801373	0.02803123088992292	0.2394668010310558	False	0.1	False
ASV0027	-0.021981047156552136	-0.32147771455689356	0.24404905398130866	-0.09006815145546776	0.9288742692690095	0.994440111075965	False	0.8333333333333334	False
ASV0028	0.050658257812431384	-0.24883840958791004	0.1890539781754126	0.2679565820372657	0.7906968986213069	0.971370324526798	True	0.9	False
ASV0029	1.4847427473408918	1.1852460799405504	0.2184022198378591	6.798203555088216	2.199007132442095e-07	2.191677108667288e-05	True	0.9833333333333333	False
ASV0030	0.144786359646876	-0.15471030775346542	0.18002331078158648	0.8042645089587217	0.42452856766075053	0.971370324526798	False	0.45	False
ASV0031	-0.11917293417553138	-0.4186696015758728	0.32144558543939833	-0.3707406154376909	0.7121813854861128	0.971370324526798	True	0.8833333333333333	False
ASV0032	-0.08502442610124117	-0.3845210935015826	0.17374057194659673	-0.48937576956622103	0.6283876574605349	0.971370324526798	False	0.7833333333333333	False
ASV0033	0.08821509727706414	-0.21128157012327728	0.2262215409320728	0.38995003266975514	0.6995241005580396	0.971370324526798	True	0.8166666666666667	False
ASV0034	0.09655503917682079	-0.20294162822352063	0.21828347011980592	0.4423378422737466	0.661642841852154	0.971370324526798	True	1.0	False
ASV0035	0.09288799159615133	-0.2066086758041901	0.20726820118763972	0.4481536051546079	0.6574909977961313	0.971370324526798	False	0.8	False
ASV0036	-0.33783983773374393	-0.6373365051340854	0.23133351538213956	-1.4604016075045014	0.15531055320510634	0.6749865588352769	True	0.9333333333333333	False
ASV0037	-0.4704855321167768	-0.7699821995171182	0.23396957811860325	-2.0108833631280025	0.054055929024671025	0.400625744592123	True	1.0	False
ASV0038	0.07142627969073911	-0.2280703877096023	0.23746793879684147	0.30078283431703895	0.7646556974333844	0.971370324526798	False	0.7833333333333333	False
ASV0039	-0.061474730761416296	-0.3609713981617577	0.3832473197054332	-0.1604048550389504	0.8731195328287367	0.988874016347698	False	0.8666666666666667	False
ASV0040	1.162305906099658	0.8628092386993166	0.22302896417072762	5.211457222255304	1.5559688807796162e-05	0.00025846371964061404	True	0.9833333333333333	False
ASV0041	1.5816148351154307	1.2821181677150892	0.2654246132922576	5.958809981853203	2.044642018312906e-06	5.797213579109854e-05	False	0.9333333333333333	False
ASV0042	0.2527619101307401	-0.046734757269601294	0.15846810985785692	1.5950332868705448	0.12193166992232027	0.5997565333020192	False	0.6	False
ASV0043	-0.12058287355189445	-0.4200795409522359	0.22496619042615168	-0.5360044250359366	0.5961882935861956	0.971370324526798	True	0.9	False
ASV0044	-0.14537839569873856	-0.44487506309908	0.2700413750512328	-0.5383560044128685	0.594585577790662	0.971370324526798	False	1.0	False
ASV0045	-0.002128003866174677	-0.3016246712665161	0.11100114809983046	-0.019171007711206972	0.9848406477232949	0.9948221407745447	False	0.5666666666666667	False
ASV0046	-0.11650729136472437	-0.4160039587650658	0.19551262631539945	-0.5959067378941333	0.5560244716722994	0.971370324526798	False	1.0	False
ASV0047	-0.12364556718284458	-0.423142234583186	0.22179285986441477	-0.557482180708752	0.5816279028325502	0.971370324526798	False	0.9	False
ASV0048	-0.10494353721514244	-0.40444020461548386	0.30070458158982233	-0.3489921459137966	0.7283590204137692	0.971370324526798	True	0.8333333333333334	False
ASV0049	-0.3466951978205386	-0.64619186522088	0.20180843247722285	-1.7179420778647017	0.09684879627422902	0.539093377815353	True	1.0	False
ASV0050	-0.2890960840037826	-0.588592751404124	0.24864817297835273	-1.162671257708985	0.25477688578777796	0.971370324526798	True	1.0	False
ASV0051	-0.020490740798396745	-0.31998740819873817	0.16043612103837054	-0.12771899909931192	0.8992842315475182	0.994440111075965	False	0.65	False
ASV0052	0.3370199329047773	0.03752326550443588	0.22637856320217917	1.4887449064856202	0.14773230100465765	0.6749865588352769	True	0.9666666666666667	False
ASV0053	-0.1883352240338408	-0.4878318914341822	0.24354308340548647	-0.7733137866217802	0.44581658863208723	0.971370324526798	True	0.9833333333333333	False
ASV0054	-0.12396219161838906	-0.4234588590187305	0.23644808442279652	-0.5242681154342969	0.604218016364663	0.971370324526798	True	0.9	False
ASV0055	0.24754328778259127	-0.051953379617750164	0.32082365777927097	0.7715867635699823	0.44349156516255167	0.971370324526798	True	1.0	False
ASV0056	1.488353063561546	1.1888563961612046	0.24828959569406372	5.994423807413412	1.857724172459677e-06	5.797213579109854e-05	True	0.9833333333333333	False
ASV0057	-0.2177138452067462	-0.5172105126070876	0.2536395508736569	-0.8583592127364787	0.3979826765430957	0.971370324526798	True	1.0	False
ASV0058	-0.06877296555185775	-0.36826963295219917	0.24298355845758793	-0.283035469512485	0.7792316865671762	0.971370324526798	False	1.0	False
ASV0059	0.08865962783887044	-0.21083703956147098	0.3103841963088865	0.2856447876316442	0.7761678700735204	0.971370324526798	True	0.8166666666666667	False
ASV0060	0.05422459491861539	-0.24527207248172603	0.21439399006880847	0.2529203122774679	0.8021774612523853	0.971370324526798	False	0.95	False
ASV0061	0.02731198877103841	-0.272184678629303	0.32702014819594355	0.08351775547075357	0.9337274497642842	0.994440111075965	True	0.8833333333333333	False
ASV0062	-0.08437626411253019	-0.3838729315128716	0.21918937992460955	-0.38494686257861355	0.7031854129294074	0.971370324526798	True	0.95	False
ASV0063	-0.00414351957008291	-0.30364018697042433	0.13525986548009983	-0.030633769709703926	0.9757789284754601	0.9948221407745447	False	0.6166666666666667	False
ASV0064	-0.44196658772312303	-0.7414632551234644	0.2053552502397426	-2.152204958028333	0.04014836410527757	0.32444218560751337	True	0.7833333333333333	False
ASV0065	-0.13080867767931292	-0.43030534507965434	0.275720190425663	-0.47442545820589915	0.6388757640718586	0.971370324526798	True	0.9333333333333333	False
ASV0066	0.04915503327491533	-0.2503416341254261	0.2174260835429245	0.2260769842971075	0.8227837541079802	0.9729592183534304	False	0.9833333333333333	False
ASV0067	0.13100730565381072	-0.1684893617465307	0.2518479408350678	0.5201841445255486	0.6070241413919627	0.971370324526798	True	1.0	False
ASV0068	0.11968326607556351	-0.1798134013247779	0.15846053382844102	0.7552875355395424	0.4563833070676536	0.971370324526798	True	0.5333333333333333	False
ASV0069	0.2662250017178715	-0.033271665682469934	0.1874173355032916	1.4204929389426508	0.16650480952259486	0.6999491358984731	True	0.8333333333333334	False
ASV0070	0.25375257561122067	-0.045744091789120776	0.39571130621265455	0.6412568244255686	0.5238818360217121	0.971370324526798	True	0.9833333333333333	False
ASV0071	-0.10452049117194273	-0.40401715857228415	0.15894997799605945	-0.6575684532308266	0.5134167708661319	0.971370324526798	False	0.4166666666666667	False
ASV0072	0.107940017934918	-0.19155664946542342	0.21199182734446104	0.509170656657101	0.6146220053877013	0.971370324526798	False	0.9333333333333333	False
ASV0073	-0.1309647524119923	-0.4304614198123337	0.18892084467211773	-0.6932255286032023	0.49387870604280204	0.971370324526798	True	0.95	False
ASV0074	1.3861153337160361	1.0866186663156947	0.232255006860671	5.9680751448667895	1.9942582431786273e-06	5.797213579109854e-05	True	1.0	False
ASV0075	-0.17118847016548977	-0.4706851375658312	0.2238622872533231	-0.7647043736838643	0.4508448710606896	0.971370324526798	True	1.0	False
ASV0076	-0.07513300146190127	-0.3746296688622427	0.22533252706704673	-0.33343167291398534	0.7412925660717882	0.971370324526798	True	0.8833333333333333	False
ASV0077	-0.03410004785296028	-0.3335967152533017	0.18679956239457238	-0.18254886369022397	0.8564673202258388	0.9811637116763441	False	0.9333333333333333	False
ASV0078	0.020169050177897496	-0.2793276172224439	0.20691876431709208	0.097473277711003	0.9230449551272212	0.994440111075965	False	0.9833333333333333	False
ASV0079	0.09221616176241168	-0.20728050563792974	0.3852585160049019	0.23936177379979928	0.8116689175378606	0.9729592183534304	False	1.0	False
ASV0080	0.1088849651473281	-0.19061170225301333	0.3484404343621729	0.312492335588561	0.7557871704259661	0.971370324526798	True	0.8833333333333333	False
ASV0081	-0.19697385698333686	-0.4964705243836783	0.3173438988104865	-0.6206952700892069	0.5372316900426816	0.971370324526798	True	0.9333333333333333	False
ASV0082	0.13961004580490433	-0.1598866215954371	0.2586046476689036	0.5398589973667051	0.593562303370615	0.971370324526798	True	0.9833333333333333	False
ASV0083	0.12629874237730712	-0.1731979250230343	0.20369259691465036	0.6200458155591576	0.5402414710708202	0.971370324526798	False	0.9333333333333333	False
ASV0084	0.07463164143184889	-0.22486502596849253	0.3326567028857	0.22435033109040384	0.8232731847605949	0.9729592183534304	False	0.9333333333333333	False
ASV0085	-0.016758048446623208	-0.31625471584696463	0.22075727384209348	-0.07591164791521277	0.9397506324891469	0.994440111075965	False	0.5333333333333333	False
ASV0086	0.09111885223683816	-0.20837781516350326	0.3934167234991366	0.23160899573969976	0.817656909371412	0.9729592183534304	False	0.95	False
ASV0087	1.483870846393036	1.1843741789926945	0.3533330685609832	4.199637617946107	9.319091532871547e-05	0.0010716955262802278	True	0.9833333333333333	False
ASV0088	-0.2851913413831981	-0.5846880087835395	0.2459195439625487	-1.1596936818760128	0.25596745661936776	0.971370324526798	True	0.9833333333333333	False
ASV0089	-0.20119588185005033	-0.5006925492503917	0.25022264283739887	-0.8040674479678988	0.42813224395863814	0.971370324526798	True	1.0	False
ASV0090	-0.27214172232834877	-0.5716383897286902	0.30152627763459205	-0.9025472819922737	0.3704992986989775	0.971370324526798	True	0.8833333333333333	False
ASV0091	-0.24796518208533103	-0.5474618494856724	0.249651768463452	-0.993244244218651	0.32909742572190487	0.971370324526798	True	1.0	False
ASV0092	-0.22665282496501893	-0.5261494923653603	0.2115509598195424	-1.0713864175249252	0.2931440848858654	0.971370324526798	True	0.8333333333333334	False
ASV0093	-0.0867894164115256	-0.386286083811867	0.40356604154478387	-0.21505629185079625	0.8304778417223642	0.977609742814909	False	1.0	False
ASV0094	1.5135595818650711	1.2140629144647297	0.24237362202566767	6.24473723343039	9.497006742050868e-07	4.056578594104585e-05	True	0.9666666666666667	False
ASV0095	0.08086656657427957	-0.21863010082606185	0.2489670646215822	0.32480829019369617	0.7477405695718828	0.971370324526798	False	0.9666666666666667	False
ASV0096	1.0445064295085724	0.7450097621082309	0.20124522481802593	5.19021721113163	1.6489162904974477e-05	0.0002594873530835457	True	0.7166666666666667	False
ASV0097	-0.20148369832833457	-0.500980365728676	0.23838172469074057	-0.845214533914985	0.4051559087309777	0.971370324526798	False	0.9666666666666667	False
ASV0098	0.4275976718650479	0.12810100446470646	0.15835694886059573	2.7002141361126455	0.00906679258990596	0.08471784326193381	False	0.45	False
ASV0099	0.304029916904332	0.004533249503990575	0.16591054408146755	1.8324930376639792	0.07201301806155465	0.48911503705659676	False	0.2833333333333333	False
ASV0100	-0.14982586399876024	-0.44932253139910167	0.20188027043254586	-0.7421520868668614	0.4641757970352056	0.971370324526798	True	0.9333333333333333	False
ASV0101	0.1294192691619135	-0.1700773982384279	0.264912060617793	0.48853671992169384	0.6270118253545814	0.971370324526798	False	0.7333333333333333	False
ASV0102	-0.19962083890842192	-0.49911750630876334	0.19214410585442673	-1.0389121124519933	0.3077343652989829	0.971370324526798	False	0.9833333333333333	False
ASV0103	-0.02685796848789368	-0.3263546358882351	0.2158070338987043	-0.12445362879367639	0.90184529929611	0.994440111075965	False	1.0	False
ASV0104	1.1897589016331669	0.8902622342328255	0.2728479041277001	4.360520581738931	5.384018892409195e-05	0.0006707590203459789	True	0.85	False
ASV0105	0.026146556867566728	-0.2733501105327747	0.19572241216912803	0.1335899991104387	0.8946823371048638	0.994440111075965	False	0.6166666666666667	False
ASV0106	-0.16554478514937243	-0.46504145254971385	0.20234655813286018	-0.8181250359626883	0.42019396705534723	0.971370324526798	True	0.9666666666666667	False
ASV0107	1.566613454456085	1.2671167870557436	0.23442387922553473	6.682823693694089	2.9755381986852275e-07	2.2242148035172077e-05	True	1.0	False
ASV0108	-0.2289304756065108	-0.5284271430068522	0.2990355456422685	-0.7655627531329561	0.4470407747325513	0.971370324526798	True	1.0	False
ASV0109	-0.16209674781992356	-0.461593415220265	0.21138135180051576	-0.7668450714275735	0.44959145469353284	0.971370324526798	True	0.7833333333333333	False
ASV0110	1.630970646686604	1.3314739792862627	0.27773864745988064	5.872321556985323	2.5816651507592755e-06	6.432649000641861e-05	True	1.0	False
ASV0111	1.3250160342507746	1.0255193668504332	0.20562887212962927	6.443725633117704	5.592999555154885e-07	3.344613733982621e-05	True	1.0	False
ASV0112	0.2798628296177761	-0.019633837782565344	0.16745009224111734	1.6713208447493217	0.10579965465232488	0.566674305363027	True	0.7666666666666667	False
ASV0113	0.043405027593174716	-0.2560916398071667	0.2148906483769203	0.2019865821105527	0.8413875994709993	0.9811637116763441	False	0.9833333333333333	False
ASV0114	0.15724280687700107	-0.14225386052334035	0.2715958015149348	0.5789589014260017	0.5672456844406044	0.971370324526798	False	0.95	False
ASV0115	0.9435898360939602	0.6440931686936188	0.23723741127366263	3.977407403950688	0.00044643383453775703	0.004305926339573851	False	0.8666666666666667	False
ASV0116	1.4012925554679592	1.1017958880676177	0.3701244775031593	3.7860034681332255	0.0003653980376890716	0.00364180044230108	True	1.0	False
ASV0117	0.1180185351624431	-0.18147813223789833	0.27770443269973727	0.4249789389932008	0.6724245644099641	0.971370324526798	False	0.7	False
ASV0118	0.15396052727727674	-0.14553614012306468	0.22646372667719045	0.679846302700554	0.5021843114719439	0.971370324526798	True	1.0	False
ASV0119	0.35199943669331835	0.052502769292976946	0.233638218202316	1.5066004158125748	0.14311308086575872	0.6749865588352769	True	0.9833333333333333	False
ASV0120	-0.4395467967358573	-0.7390434641361987	0.26483607105289836	-1.6596938437742577	0.10813675166342303	0.5672436622344471	True	0.9166666666666666	False
ASV0121	1.3979443755464454	1.098447708146104	0.24152564890464978	5.787974825391443	3.2425997918693403e-06	6.92526669834952e-05	True	0.9833333333333333	False
ASV0122	1.6083999797418134	1.308903312341472	0.21348808843975325	7.533909697241525	3.313029672836521e-08	4.952979360890599e-06	True	1.0	False
ASV0123	0.17004254970345978	-0.12945411769688164	0.1516143207381877	1.1215467567677495	0.26667718458109935	0.971370324526798	True	0.35	False
ASV0124	0.42774918130620876	0.12825251390586737	0.17613904188338927	2.4284745547179423	0.021838077314029803	0.19204662108514445	False	0.6333333333333333	False
ASV0125	0.09820410925264358	-0.20129255814769784	0.3321198485609988	0.2956887692143065	0.768523820017418	0.971370324526798	True	0.9833333333333333	False
ASV0126	0.316938272192493	0.017441604792151573	0.06259565876312878	5.063262827727946	2.3328335684869852e-05	0.0003207022311164862	False	0.23333333333333334	False
ASV0127	-0.5319051988463961	-0.8314018662467375	0.340014866332486	-1.5643586546191446	0.12317364923053485	0.5997565333020192	True	0.9666666666666667	False
ASV0128	0.06923815810093684	-0.23025850929940458	0.17941853577347056	0.38590303840376466	0.7009803910420072	0.971370324526798	False	0.4166666666666667	False
ASV0129	-0.016665525689319338	-0.31616219308966076	0.2076852636708929	-0.08024414151852514	0.9366138880466147	0.994440111075965	False	0.9833333333333333	False
ASV0130	0.2505814836603427	-0.04891518373999869	0.25631497770973805	0.9776310612020177	0.3323170443335711	0.971370324526798	True	0.75	False
ASV0131	-0.21617621715325186	-0.5156728845535933	0.21982014227119026	-0.9834231518536508	0.3338211298350977	0.971370324526798	True	1.0	False
ASV0132	1.4011104001991257	1.1016137327987843	0.23575223220661776	5.943147969734453	2.132754159538742e-06	5.797213579109854e-05	True	0.9833333333333333	False
ASV0133	-0.017096460828757376	-0.3165931282290988	0.15571573253279666	-0.10979276499987912	0.9133568658102031	0.994440111075965	False	0.5166666666666667	False
ASV0134	-0.2543460221378727	-0.5538426895382141	0.23218226451405036	-1.0954584436938384	0.28264937310929844	0.971370324526798	True	1.0	False
ASV0135	-0.04483950764469913	-0.34433617504504055	0.2631183632171255	-0.17041572886228973	0.8659086397865037	0.9844360581603216	False	1.0	False
ASV0136	0.08249863419485423	-0.2169980332054872	0.23633432768480372	0.3490759679435214	0.7296438314403245	0.971370324526798	True	0.95	False
ASV0137	-0.11848436389326167	-0.4179810312936031	0.1977186650755767	-0.5992573531081234	0.5538196073470825	0.971370324526798	True	0.8666666666666667	False
ASV0138	0.06823449646697702	-0.2312621709333644	0.272127575705531	0.25074451308386886	0.8038425404480036	0.971370324526798	False	0.9166666666666666	False
ASV0139	-0.07771344202579938	-0.3772101094261408	0.18221141633994203	-0.42650149802256954	0.6730037535568875	0.971370324526798	True	0.7	False
ASV0140	-0.4292703759565605	-0.7287670433569019	0.24459653137742418	-1.7550141596005533	0.09019475814985364	0.539093377815353	True	1.0	False
ASV0141	-0.08866821455289009	-0.3881648819532315	0.3904514127339711	-0.2270915449684978	0.8211511058227853	0.9729592183534304	False	0.8666666666666667	False
ASV0142	-0.11775716594947278	-0.4172538333498142	0.19693343679879982	-0.597954150720384	0.554676639982205	0.971370324526798	True	0.9833333333333333	False
ASV0143	-0.15047837004319609	-0.4499750374435375	0.18878417385216315	-0.7970920812516608	0.4321051541722655	0.971370324526798	True	0.7166666666666667	False
ASV0144	-0.14714754730942403	-0.44664421470976545	0.30703832013649324	-0.4792481513187341	0.6335641866422285	0.971370324526798	True	0.7666666666666667	False
ASV0145	0.09749475611455508	-0.20200191128578635	0.21702549359757772	0.44923181373030746	0.6549386463427439	0.971370324526798	False	0.5166666666666667	False
ASV0146	-0.1624314169947617	-0.46192808439510313	0.28775231526409234	-0.5644834407177087	0.5746018183336274	0.971370324526798	True	1.0	False
ASV0147	-0.07243809406131052	-0.37193476146165194	0.18360524954244808	-0.3945317154157044	0.6961776781559943	0.971370324526798	False	0.9166666666666666	False
ASV0148	0.014572468410487593	-0.2849241989898538	0.2360058256145947	0.06174622330842339	0.9512035845074447	0.994440111075965	False	0.9666666666666667	False
ASV0149	-0.413191781696988	-0.7126884490973294	0.24003031122373247	-1.7214150145889349	0.09620834139189494	0.539093377815353	True	0.9333333333333333	False
ASV0150	-0.25541605912445686	-0.5549127265247983	0.30491588761909366	-0.8376607106925407	0.40565989229328686	0.971370324526798	True	0.9	False
ASV0151	-0.10019688320766462	-0.39969355060800604	0.2435882114949634	-0.4113371603360057	0.6839568652050876	0.971370324526798	True	0.9	False
ASV0152	0.1383740748705579	-0.16112259252978353	0.24479312639537448	0.5652694457076576	0.5763922967750098	0.971370324526798	True	0.7833333333333333	False
ASV0153	-0.0026252020257825914	-0.302121869426124	0.18510968157387886	-0.014181873165477036	0.9887854519879402	0.9954439398801149	False	1.0	False
ASV0154	1.422179527827407	1.1226828604270656	0.2536998444676425	5.605756404035933	5.313952505851833e-06	0.00010411609646310299	True	0.95	False
ASV0155	-0.3140326652136781	-0.6135293326140195	0.2766884364072272	-1.134968520157048	0.26105722387446945	0.971370324526798	True	0.9333333333333333	False
ASV0156	-0.06278894755231584	-0.36228561495265726	0.213613019672867	-0.29393783042097626	0.7698547485959508	0.971370324526798	False	0.6166666666666667	False
ASV0157	1.1546503431599877	0.8551536757596462	0.19925998229889075	5.794692591249997	3.184208443847885e-06	6.92526669834952e-05	True	0.8666666666666667	False
ASV0158	-0.4230187521658557	-0.7225154195661971	0.2533578138050639	-1.6696495198341532	0.10613298026866057	0.566674305363027	True	1.0	False
ASV0159	0.337080251582354	0.03758358418201258	0.16818348516145779	2.0042410897761673	0.054803302638365185	0.400625744592123	True	0.8	False
ASV0160	0.4017007959918121	0.10220412859147063	0.25761506289802705	1.559306321116864	0.12436423098570297	0.5997565333020192	True	0.55	False
ASV0161	0.1478488136453648	-0.1516478537549766	0.22509684816936726	0.6568231179057669	0.5166573261608638	0.971370324526798	False	0.9166666666666666	False
ASV0162	-0.010945282972972536	-0.31044195037331396	0.2295008181392507	-0.04769169479095903	0.9623005053432188	0.9948221407745447	False	1.0	False
ASV0163	-0.20878089552773005	-0.5082775629280715	0.2230775171780399	-0.9359118667306146	0.3531991956556843	0.971370324526798	True	0.6666666666666666	False
ASV0164	0.2224417346372412	-0.07705493276310023	0.19518924364833454	1.1396208647542407	0.26409989425180697	0.971370324526798	True	0.9	False
ASV0165	0.1386503085545162	-0.1608463588458252	0.2428344934184451	0.5709662849074665	0.5725770472315171	0.971370324526798	False	0.8	False
ASV0166	0.2537283629213458	-0.045768304478995596	0.13422791672793433	1.8902801228423007	0.06911247838740439	0.48057281483334685	True	0.48333333333333334	False
ASV0167	0.11324111621922833	-0.1862555511811131	0.24056921077874724	0.47072156845281743	0.6414860846240712	0.971370324526798	True	0.9833333333333333	False
ASV0168	0.16225162954596553	-0.1372450378543759	0.20953981710281708	0.7743236192019383	0.4452290156147116	0.971370324526798	True	0.9666666666666667	False
ASV0169	0.040207275168843426	-0.259289392231498	0.20321752585660302	0.1978533839508262	0.8445891966115272	0.9811637116763441	False	0.9666666666666667	False
ASV0170	-0.023940896881037732	-0.32343756428137915	0.23335151222334335	-0.10259585058151939	0.9190149951199845	0.994440111075965	False	0.7333333333333333	False
ASV0171	-0.2300312332710347	-0.5295279006713761	0.2090666016656603	-1.1002772869427566	0.2805811356506128	0.971370324526798	True	1.0	False
ASV0172	0.019966429138041364	-0.27953023826230006	0.32429621599947744	0.061568492486121194	0.9511181444623926	0.994440111075965	True	0.9	False
ASV0173	-0.05806403155400974	-0.35756069895435116	0.20434267891474808	-0.28415029039642814	0.7783860057270969	0.971370324526798	False	0.95	False
ASV0174	-0.08720348575600323	-0.38670015315634465	0.16606020167883623	-0.5251317586898788	0.603625388398401	0.971370324526798	False	0.65	False
ASV0175	0.38100350246025355	0.08150683505991214	0.19412128190864558	1.9627085640180124	0.05968550531849708	0.4249039545293007	True	0.65	False
ASV0176	0.05807019395328211	-0.2414264734470593	0.22652306651787069	0.25635444039294286	0.7995513466120397	0.971370324526798	False	1.0	False
ASV0177	-0.0929303531591692	-0.3924270205595106	0.32325893193724314	-0.28747961456857907	0.7747697741873766	0.971370324526798	False	0.95	False
ASV0178	-0.16255625454607409	-0.4620529219464155	0.22124316517191714	-0.7347402321773857	0.4686070722437366	0.971370324526798	True	0.9833333333333333	False
ASV0179	-0.06711305122507555	-0.36660971862541697	0.2185470848227667	-0.30708737789617124	0.7610492068038103	0.971370324526798	False	0.9333333333333333	False
ASV0180	-0.01207614920086425	-0.31157281660120567	0.19257641952858345	-0.06270834835555673	0.9504442660729314	0.994440111075965	False	0.7666666666666667	False
ASV0181	0.01973488914897059	-0.27976177825137083	0.2444530155329192	0.08073080671943275	0.9362303250159321	0.994440111075965	False	0.8666666666666667	False
ASV0182	-0.23032613676147995	-0.5298228041618214	0.3357553783717613	-0.6859938860203573	0.495450111392949	0.971370324526798	True	1.0	False
ASV0183	0.001986124334401207	-0.2975105430659402	0.23471396404605696	0.008461892510202238	0.9933084705817565	0.9966417204830377	False	0.8166666666666667	False
ASV0184	-0.037719504096830836	-0.33721617149717226	0.362557737190776	-0.10403723387368514	0.9174987241790935	0.994440111075965	False	0.9166666666666666	False
ASV0185	-0.19719241096148044	-0.49668907836182186	0.2607610256504829	-0.7562188807532605	0.4558337527976843	0.971370324526798	False	0.9333333333333333	False
ASV0186	-0.29381078797704563	-0.593307455377387	0.18156084136329967	-1.618249760085304	0.11682008766481111	0.5920204442674325	True	1.0	False
ASV0187	0.03143225907398328	-0.26806440832635814	0.15994223178006134	0.1965225739578662	0.8456206282215608	0.9811637116763441	False	1.0	False
ASV0188	-0.4578920113509326	-0.757388678751274	0.2150665087561218	-2.129071671824862	0.042180157454563647	0.3318912389188034	True	0.9666666666666667	False
ASV0189	0.19772752062335094	-0.10176914677699048	0.21061805024291358	0.9387966529711224	0.3558635533682721	0.971370324526798	True	0.9166666666666666	False
ASV0190	-0.157712154043202	-0.4572088214435434	0.21801075597167385	-0.7234145551226543	0.4723327610837971	0.971370324526798	False	0.5333333333333333	False
ASV0191	-0.09775278433394236	-0.3972494517342838	0.26259584541116004	-0.3722556393871568	0.7125052681136288	0.971370324526798	False	1.0	False
ASV0192	0.23692208960300382	-0.0625745777973376	0.3697072380770627	0.6408370332030643	0.5241526358215162	0.971370324526798	True	1.0	False
ASV0193	-0.33918112275363643	-0.6386777901539779	0.19637406012069417	-1.727219585647774	0.09514587893565798	0.539093377815353	True	0.9666666666666667	False
ASV0194	-0.3098267943225069	-0.6093234617228483	0.3143420406913941	-0.9856358813509135	0.32840578234287937	0.971370324526798	True	1.0	False
ASV0195	-0.24436200539469477	-0.5438586727950362	0.2847656563601289	-0.858116138435115	0.3981145893192989	0.971370324526798	False	0.9666666666666667	False
ASV0196	1.4977868437048347	1.1982901763044933	0.2960593001860431	5.059077160432482	2.3596819680811692e-05	0.0003207022311164862	True	1.0	False
ASV0197	0.0820264372515519	-0.21747023014878952	0.22538003544547247	0.36394721959033965	0.718631311981102	0.971370324526798	True	1.0	False
ASV0198	-0.28415040109595513	-0.5836470684962966	0.16275567162549473	-1.7458709626402023	0.09179879282027634	0.539093377815353	True	0.85	False
ASV0199	-0.07924506259026604	-0.37874172999060746	0.21685754548549385	-0.36542451134386256	0.7175406523895744	0.971370324526798	False	1.0	False
ASV0200	0.12817292285462822	-0.1713237445457132	0.17395739914491035	0.7368063875676674	0.4642101431904671	0.971370324526798	False	0.5333333333333333	False
ASV0201	-0.14740591699676708	-0.4469025843971085	0.204976191854469	-0.719136772242426	0.47801605028531874	0.971370324526798	False	1.0	False
ASV0202	-0.06656560741124945	-0.36606227481159087	0.2264975746841786	-0.2938910383657155	0.7710087446659288	0.971370324526798	False	1.0	False
ASV0203	-0.199363338721322	-0.4988600061216634	0.2606337521890202	-0.7649175789662773	0.450719942148949	0.971370324526798	True	0.9666666666666667	False
ASV0204	-0.04873929652688652	-0.34823596392722794	0.250122093733623	-0.1948620203811075	0.8469080155632647	0.9811637116763441	False	1.0	False
ASV0205	-0.3896552817913076	-0.689151949191649	0.21877436109342877	-1.781082937890072	0.08575138858180488	0.5341596913741595	True	1.0	False
ASV0206	0.24827896267947447	-0.05121770472086696	0.16977523069608075	1.4623980286260096	0.15476676404975442	0.6749865588352769	True	0.5666666666666667	False
ASV0207	0.0042500930103899215	-0.2952465743899515	0.22064324078155909	0.019262285104838506	0.9846979828942569	0.9948221407745447	False	0.48333333333333334	False
ASV0208	-0.034882996606845684	-0.3343796640071871	0.29273712752613745	-0.11916150473168494	0.9059982496806682	0.994440111075965	False	1.0	False
ASV0209	0.92188895340044	0.6223922860000985	0.19465925650819704	4.7359112016418266	5.708741081285511e-05	0.0006827654333217471	True	0.7666666666666667	False
ASV0210	-0.46873390988720554	-0.768230577287547	0.258088087540597	-1.816178012530215	0.08006508174503806	0.5093502008886464	True	0.95	False
ASV0211	0.04158878848899189	-0.25790787891134953	0.24113822953560932	0.17246866483628387	0.8643097017982027	0.9844360581603216	False	0.9833333333333333	False
ASV0212	0.12223689596538509	-0.17725977143495633	0.13462575084176862	0.9079755930873531	0.3716400231781089	0.971370324526798	False	0.65	False
ASV0213	0.18397213730701717	-0.11552453009332425	0.10156014405470279	1.8114599877676942	0.07524846723947642	0.48911503705659676	False	0.21666666666666667	False
ASV0214	-0.11508213611288887	-0.4145788035132303	0.2048991144572544	-0.5616526768196309	0.5788210406223012	0.971370324526798	False	1.0	False
ASV0215	-0.10088679914321758	-0.400383466543559	0.2887735704487696	-0.34936299394170345	0.7280820966115394	0.971370324526798	False	0.9833333333333333	False
ASV0216	-0.1570639962216237	-0.4565606636219651	0.212755608294761	-0.7382366908233052	0.46651359825241295	0.971370324526798	True	0.8166666666666667	False
ASV0217	0.09531768933493265	-0.20417897806540877	0.270383862499115	0.35252728640654224	0.7270827001693797	0.971370324526798	True	0.8666666666666667	False
ASV0218	0.03431662344980302	-0.2651800439505384	0.2580406020723711	0.1329892395778027	0.894662225042695	0.994440111075965	False	0.65	False
ASV0219	0.10778186321881367	-0.19171480418152775	0.24419931116988808	0.44136841624352674	0.6605873818191957	0.971370324526798	False	0.5	False
ASV0220	-0.12887596067852208	-0.4283726280788635	0.18371360301056563	-0.7015047256522983	0.4887781714775627	0.971370324526798	True	0.95	False
ASV0221	0.2715406630947004	-0.02795600430564102	0.28412878932458824	0.9556957031358508	0.34319252865471905	0.971370324526798	False	0.6666666666666666	False
ASV0222	0.12555417877119138	-0.17394248862915004	0.10449209222972015	1.2015663203983644	0.23959654320054843	0.9680995461751889	False	0.35	False
ASV0223	-0.08149129660089538	-0.3809879640012368	0.20889645940491955	-0.39010377118424366	0.6994117109526125	0.971370324526798	False	1.0	False
ASV0224	1.168016588670954	0.8685199212706126	0.25775097866273705	4.531569946817872	9.970182214725694e-05	0.0011041053637788824	True	0.9666666666666667	False
ASV0225	-0.12206120089071604	-0.42155786829105746	0.2259594461909742	-0.5401907419597477	0.5933365580796813	0.971370324526798	True	0.9666666666666667	False
ASV0226	0.10983767458489085	-0.18965899281545057	0.17833593005220252	0.6159032257422223	0.542933172406581	0.971370324526798	False	0.6166666666666667	False
ASV0227	0.26488037557532984	-0.034616291825011566	0.21138472426070146	1.2530724559294646	0.2205430558010604	0.9033201874591379	True	0.65	False
ASV0228	-0.15915153523500702	-0.45864820263534845	0.1776483597084283	-0.8958795650926367	0.37795483999613877	0.971370324526798	True	0.7833333333333333	False
ASV0229	0.005124617867410586	-0.29437204953293084	0.1860880241333406	0.02753867634028164	0.9782254360474127	0.9948221407745447	False	0.7833333333333333	False
ASV0230	-0.15698951725543092	-0.45648618465577234	0.264479517136041	-0.5935791132539002	0.5575588134575278	0.971370324526798	True	0.9666666666666667	False
ASV0231	0.05190504918919642	-0.247591618211145	0.13943270715530745	0.37225877807408453	0.7125029575274993	0.971370324526798	False	0.5833333333333334	False
ASV0232	0.013677828743416554	-0.28581883865692487	0.2569872933478325	0.0532237550161813	0.9579315559809118	0.9948221407745447	True	0.9666666666666667	False
ASV0233	-0.22714343285673233	-0.5266401002570738	0.21822460300220378	-1.0408699556870702	0.30684061457031914	0.971370324526798	True	0.9166666666666666	False
ASV0234	0.01350050466415098	-0.28599616273619044	0.30540572350175416	0.04420514622108396	0.9650546321882874	0.9948221407745447	False	1.0	False
ASV0235	0.11757151308339461	-0.1819251543169468	0.20671182284794834	0.5687701432050022	0.5717080333101607	0.971370324526798	False	0.5333333333333333	False
ASV0236	-0.07622504783168121	-0.37572171523202263	0.24525472211093996	-0.3107995115266369	0.7582550094651895	0.971370324526798	False	1.0	False
ASV0237	1.7248325741014934	1.425335906701152	0.21610404952961976	7.981491220806964	1.0819274834832565e-08	3.234963175614937e-06	True	0.9666666666666667	False
ASV0238	1.3814787571312699	1.0819820897309285	0.22009040112816547	6.276869641065318	8.716636742484573e-07	4.056578594104585e-05	True	0.9833333333333333	False
ASV0239	0.07882756051599624	-0.22066910688434518	0.183467226364017	0.4296547240518839	0.6690388438155489	0.971370324526798	False	0.45	False
ASV0240	-0.37358295638864814	-0.6730796237889896	0.21781019362726792	-1.7151766414934164	0.09736134582618416	0.539093377815353	True	0.8166666666666667	False
ASV0241	-0.3293970586002799	-0.6288937260006213	0.39115820526252115	-0.842106989368174	0.403187103620902	0.971370324526798	True	1.0	False
ASV0242	-0.3519231654692876	-0.651419832869629	0.2152199258652566	-1.6351792895311061	0.11320560089747454	0.5835943908335325	True	0.95	False
ASV0243	-0.02879294074460903	-0.32828960814495045	0.23813676866400327	-0.12090926111974815	0.9046264066399629	0.994440111075965	False	1.0	False
ASV0244	1.15795447158041	0.8584578041800686	0.20720907941680033	5.588338478408027	5.571429911069056e-06	0.00010411609646310299	True	0.9666666666666667	False
ASV0245	-0.07910489616181271	-0.37860156356215413	0.2611678854466945	-0.3028890632035935	0.7642133248780105	0.971370324526798	False	1.0	False
ASV0246	-0.19390976541379396	-0.4934064328141354	0.22737851904657205	-0.8528060004387531	0.4010032485768667	0.971370324526798	True	0.9833333333333333	False
ASV0247	0.11021451184461112	-0.1892821555557303	0.15295736857103157	0.7205570602728356	0.47407627498476534	0.971370324526798	False	0.25	False
ASV0248	-0.23671468278757668	-0.5362113501879181	0.22562676788532526	-1.0491427280821877	0.3030841368873799	0.971370324526798	True	0.95	False
ASV0249	0.2711583030880212	-0.028338364312320227	0.14589887157296821	1.8585359856769499	0.07363496240264963	0.48911503705659676	False	0.5	False
ASV0251	0.014878374962181362	-0.28461829243816006	0.20122120663296456	0.07394039232316157	0.9415835281494275	0.994440111075965	True	0.9333333333333333	False
ASV0252	-0.21967408882145056	-0.519170756221792	0.27871133043624174	-0.7881778199602237	0.43721503242020704	0.971370324526798	True	1.0	False
ASV0253	-0.22721726114832053	-0.526713928548662	0.2637990942876831	-0.8613269191156938	0.3963743867068988	0.971370324526798	True	0.9666666666666667	False
ASV0254	-0.052112863157327105	-0.3516095305576685	0.17786991885541845	-0.29298300405526717	0.7716955440883876	0.971370324526798	False	0.6833333333333333	False
ASV0255	0.04499077577500671	-0.2545058916253347	0.1765308331752872	0.2548607230009099	0.8006933166603757	0.971370324526798	False	0.65	False
ASV0256	-0.10929618574717814	-0.40879285314751956	0.23347173245248798	-0.4681345557300825	0.6433120629005379	0.971370324526798	False	1.0	False
ASV0257	0.048449395502565884	-0.25104727189777554	0.19271291916005046	0.2514070966997706	0.8033353836701665	0.971370324526798	True	1.0	False
ASV0258	-0.12502436946661988	-0.4245210368669613	0.22870917553724027	-0.5466521803199907	0.5889479735530156	0.971370324526798	True	0.85	False
ASV0259	0.13546687787127187	-0.16402978952906955	0.19072648430785974	0.710267786683516	0.48341229710529243	0.971370324526798	True	0.9	False
ASV0260	-0.038840714117730324	-0.33833738151807174	0.20860698286476695	-0.18619086276181598	0.8536374759153618	0.9811637116763441	True	0.85	False
ASV0261	-0.26844036692563555	-0.567937034325977	0.33373399892253885	-0.8043542695448951	0.42447715768229294	0.971370324526798	True	1.0	False
ASV0262	-0.06563836365717263	-0.36513503105751405	0.2588428953249184	-0.25358379481414234	0.801669904328174	0.971370324526798	True	0.9666666666666667	False
ASV0263	-0.23372225757458243	-0.5332189249749238	0.21724950266183232	-1.0758241317513688	0.29118890260827596	0.971370324526798	True	0.9333333333333333	False
ASV0264	-0.001042520537314351	-0.30053918793765577	0.2788222723778027	-0.0037390145644525166	0.9970295357995104	0.9970295357995104	False	0.7666666666666667	False
ASV0265	0.03876633707775978	-0.26073033032258164	0.20367841025637287	0.1903311059280365	0.850422906579619	0.9811637116763441	True	0.9833333333333333	False
ASV0266	0.09709937764157309	-0.20239728975876833	0.312529876945933	0.3106883047164514	0.7571513892539729	0.971370324526798	True	0.7333333333333333	False
ASV0267	0.12461294474652054	-0.17488372265382088	0.2680871008917776	0.46482260553380655	0.6456530379795804	0.971370324526798	True	0.9833333333333333	False
ASV0268	0.09781643130896045	-0.20168023609138097	0.13892399263069727	0.7041003462158378	0.4871852791192031	0.971370324526798	False	0.6666666666666666	False
ASV0269	-0.09915266788623806	-0.3986493352865795	0.3376832784195461	-0.2936262297330824	0.7700916764517821	0.971370324526798	False	0.9833333333333333	False
ASV0270	-0.4505350840119463	-0.7500317514122877	0.3949096603090717	-1.1408560723972667	0.25861868635349833	0.971370324526798	True	0.8666666666666667	False
ASV0271	0.1849111665392403	-0.11458550086110111	0.12454879730327134	1.4846483510313553	0.1488088474546584	0.6749865588352769	False	0.55	False
ASV0272	1.2219530081259165	0.9224563407255749	0.24347412599141768	5.018820801389753	2.634231350317191e-05	0.00034245007554123484	True	1.0	False
ASV0273	-0.09077089789821519	-0.3902675652985566	0.28951295866502125	-0.3135296544816875	0.7562020964180459	0.971370324526798	False	1.0	False
ASV0274	-0.22340635183753577	-0.5229030192378772	0.2429870525714054	-0.9194166910267141	0.3657309738795481	0.971370324526798	True	0.9166666666666666	False
ASV0275	-0.13629342178688808	-0.4357900891872295	0.22958682424997717	-0.5936465310330266	0.5575143419404384	0.971370324526798	True	0.95	False
ASV0276	-0.17658590553443987	-0.4760825729347813	0.2628745311932848	-0.6717497687313072	0.5072481146894919	0.971370324526798	True	0.9833333333333333	False
ASV0277	0.19356153972207665	-0.10593512767826477	0.0877701839976498	2.2053222507458754	0.03140930464106765	0.2608717246577563	False	0.18333333333333332	False
ASV0278	1.5036807746651775	1.204184107264836	0.3235412627901855	4.647570333680452	1.9808362632369446e-05	0.0002961350213539232	True	0.9833333333333333	False
ASV0279	-0.09398292556985888	-0.3934795929702003	0.1921360951366032	-0.48914768202736575	0.628547082724763	0.971370324526798	False	0.9666666666666667	False
ASV0280	-0.028748778664308583	-0.32824544606465	0.2498148326999491	-0.1150803511288641	0.9092027593501685	0.994440111075965	False	0.9666666666666667	False
ASV0281	-0.09320672360200649	-0.3927033910023479	0.16709230900464347	-0.5578157615825172	0.5814031467502685	0.971370324526798	True	0.65	False
ASV0282	-0.13834600725776175	-0.43784267465810317	0.29253163805084653	-0.4729266488218791	0.6380404796729638	0.971370324526798	False	0.9333333333333333	False
ASV0283	-0.08823878262201595	-0.3877354500223574	0.23691194749071567	-0.3724539161347021	0.712359309513279	0.971370324526798	True	0.9666666666666667	False
ASV0284	-0.09437516171206134	-0.39387182911240276	0.20388631406257318	-0.4628812980703422	0.6470269305770964	0.971370324526798	True	0.9833333333333333	False
ASV0285	0.20512092261481435	-0.09437574478552709	0.21659856769890762	0.9470095984196522	0.3517357618006547	0.971370324526798	True	0.9833333333333333	False
ASV0286	0.009522599337859372	-0.28997406806248205	0.23997226760941548	0.039682082570301744	0.9686281826649784	0.9948221407745447	True	0.9333333333333333	False
ASV0287	-0.3208652122432495	-0.6203618796435909	0.22101129572687156	-1.4518045839601728	0.15766971611003908	0.6749865588352769	True	1.0	False
ASV0288	0.08783584427333058	-0.21166082312701084	0.239888621355486	0.3661526077269353	0.7170033341889267	0.971370324526798	True	0.9166666666666666	False
ASV0289	-0.20790726374813684	-0.5074039311484783	0.24889487814276082	-0.8353215835517742	0.4106080260030317	0.971370324526798	True	0.8166666666666667	False
ASV0290	0.25842521135725366	-0.04107145604308775	0.0998527015731255	2.588064291560506	0.015131591922005437	0.1371013934751402	False	0.2	False
ASV0291	-0.16933096251991814	-0.46882762992025956	0.21645581353702842	-0.7822888179944921	0.4406107895335079	0.971370324526798	True	1.0	False
ASV0292	1.0060432104441237	0.7065465430437823	0.19055657211936325	5.279498887154339	1.2921514019371779e-05	0.0002272666289289507	True	1.0	False
ASV0293	-0.23571742039295662	-0.535214087793298	0.2566754049504148	-0.9183482945648537	0.3662801444563192	0.971370324526798	True	1.0	False
ASV0294	-0.30776782244449896	-0.6072644898448404	0.20958505165238556	-1.4684626599942718	0.15312421294643136	0.6749865588352769	True	0.9666666666666667	False
ASV0295	-0.25757225065340417	-0.5570689180537456	0.18223143552922524	-1.4134347891480896	0.16854962469796006	0.6999491358984731	True	0.9166666666666666	False
ASV0296	-0.11202031579185068	-0.4115169831921921	0.26497804267614977	-0.4227532012105599	0.6757044465826265	0.971370324526798	True	0.95	False
ASV0297	-0.1248241886599214	-0.4243208560602628	0.3374829150153493	-0.3698681714131934	0.7128278604778221	0.971370324526798	True	0.95	False
ASV0298	-0.1902331779848404	-0.48972984538518183	0.1974013755131001	-0.9636871956457872	0.3434524365552293	0.971370324526798	False	0.8833333333333333	False
ASV0299	0.26121731335527226	-0.03827935404506915	0.25339209930316586	1.030881839148205	0.31141915812277554	0.971370324526798	True	0.95	False
