	q_pc_0.01	q_pc_0.1	q_pc_0.5	q_pc_1.0	q_pc_2.0	q_pc_5.0
ASV0000	0.9878758963378792	0.9963290941154826	0.994377149725397	0.971370324526798	0.9277713095197987	0.7776249247198621
ASV0001	0.9878758963378792	0.9963290941154826	0.994377149725397	0.971370324526798	0.9481508778568762	0.8321999003387126
ASV0002	0.9878758963378792	0.9963290941154826	0.994377149725397	0.9948221407745447	0.9577593375564212	0.9386801840903612
ASV0003	0.9878758963378792	0.8621768694745284	0.7076360424432503	0.6749865588352769	0.7220437848112744	0.7015132422904425
ASV0004	0.9878758963378792	0.9963290941154826	0.994377149725397	0.971370324526798	0.9542547963042438	0.9386801840903612
ASV0005	0.003736791057509826	0.0015349251221461488	0.001515085923723562	0.0018064647909664187	0.0024966220326939938	0.0035182725264997577
ASV0006	0.9878758963378792	0.9963290941154826	0.994377149725397	0.971370324526798	0.93685829538885	0.7974840350498332
ASV0007	0.9878758963378792	0.9963290941154826	0.994377149725397	0.971370324526798	0.9542547963042438	0.8785751694701222
ASV0008	0.9878758963378792	0.9963290941154826	0.994377149725397	0.971370324526798	0.9634834177206515	0.9971454951562043
ASV0009	0.002330535140668478	0.0010837742103304538	0.0012256106002177317	0.0015183446944945483	0.0022285145997925156	0.0029542676526195686
ASV0010	0.9878758963378792	0.9963290941154826	0.994377149725397	0.971370324526798	0.9542547963042438	0.9386801840903612
ASV0011	0.9878758963378792	0.9963290941154826	0.994377149725397	0.994440111075965	0.9542547963042438	0.9456794652288997
ASV0012	0.9878758963378792	0.9963290941154826	0.994377149725397	0.971370324526798	0.9542547963042438	0.9386801840903612
ASV0013	0.9878758963378792	0.9963290941154826	0.994377149725397	0.971370324526798	0.93685829538885	0.692317462493257
ASV0014	0.9878758963378792	0.9963290941154826	0.994377149725397	0.971370324526798	0.9827892608416535	0.9984751985906208
ASV0015	0.9878758963378792	0.9963290941154826	0.994377149725397	0.971370324526798	0.93685829538885	0.8710768310371898
ASV0016	0.9878758963378792	0.9963290941154826	0.994377149725397	0.971370324526798	0.7220437848112744	0.3593768210677211
ASV0017	0.9878758963378792	0.9963290941154826	0.994377149725397	0.971370324526798	0.8520436565413316	0.7056001173976586
ASV0018	0.9878758963378792	0.9963290941154826	0.994377149725397	0.400625744592123	0.035571961758639935	0.0004937329391612986
ASV0019	0.9878758963378792	0.9963290941154826	0.9990846458187873	0.971370324526798	0.93685829538885	0.6542480172998373
ASV0020	0.9878758963378792	0.9963290941154826	0.994377149725397	0.971370324526798	0.9542547963042438	0.9386801840903612
ASV0021	0.9878758963378792	0.9935300182933338	0.994377149725397	0.971370324526798	0.93685829538885	0.9456794652288997
ASV0022	0.9878758963378792	0.9963290941154826	0.994377149725397	0.994440111075965	0.9542547963042438	0.7776249247198621
ASV0023	0.9878758963378792	0.9963290941154826	0.994377149725397	0.971370324526798	0.9542547963042438	0.9386801840903612
ASV0024	0.9878758963378792	0.9963290941154826	0.994377149725397	0.971370324526798	0.8896269953404207	0.7030752021026979
ASV0025	0.9878758963378792	0.9963290941154826	0.994377149725397	0.9948221407745447	0.9634834177206515	0.9456794652288997
ASV0026	0.9878758963378792	0.9963290941154826	0.7076360424432503	0.2394668010310558	0.004825044134921087	5.169109105147996e-05
ASV0027	0.9878758963378792	0.9963290941154826	0.994377149725397	0.994440111075965	0.9542547963042438	0.9386801840903612
ASV0028	0.9878758963378792	0.9963290941154826	0.994377149725397	0.971370324526798	0.9542547963042438	0.9457168454055934
ASV0029	0.00023174874836193833	2.9821542405400974e-05	2.099232405218146e-05	2.191677108667288e-05	1.4924272847220112e-05	2.1963201803970473e-05
ASV0030	0.9878758963378792	0.9963290941154826	0.994377149725397	0.971370324526798	0.7220437848112744	0.1935521362701394
ASV0031	0.9878758963378792	0.9963290941154826	0.994377149725397	0.971370324526798	0.9542547963042438	0.9516678636939364
ASV0032	0.9878758963378792	0.9963290941154826	0.994377149725397	0.971370324526798	0.9542547963042438	0.9457168454055934
ASV0033	0.9878758963378792	0.9963290941154826	0.994377149725397	0.971370324526798	0.9542547963042438	0.9456794652288997
ASV0034	0.9878758963378792	0.9963290941154826	0.994377149725397	0.971370324526798	0.9542547963042438	0.9984751985906208
ASV0035	0.9878758963378792	0.9963290941154826	0.994377149725397	0.971370324526798	0.9531778093864149	0.7974840350498332
ASV0036	0.9878758963378792	0.9963290941154826	0.7547523418694869	0.6749865588352769	0.7052814516653115	0.6572655878645002
ASV0037	0.9878758963378792	0.9083233701066883	0.55529513603753	0.400625744592123	0.2637339265756263	0.14262779893016525
ASV0038	0.9878758963378792	0.9963290941154826	0.994377149725397	0.971370324526798	0.9542547963042438	0.7751121872108501
ASV0039	0.9878758963378792	0.9963290941154826	0.994377149725397	0.988874016347698	0.9827892608416535	0.9984751985906208
ASV0040	0.00018442524294336242	0.00012521792938020244	0.00016148323958794378	0.00025846371964061404	0.000378452456335387	0.0006201592062037416
ASV0041	0.05304553595506884	0.0008399736065958149	0.00010319337870983885	5.797213579109854e-05	3.922184152953606e-05	3.893428735031127e-05
ASV0042	0.9878758963378792	0.9963290941154826	0.994377149725397	0.5997565333020192	0.3213385479456463	0.03074860032161356
ASV0043	0.9945342698515451	0.9963290941154826	0.994377149725397	0.971370324526798	0.9542547963042438	0.8702299782011047
ASV0044	0.9945342698515451	0.9963290941154826	0.994377149725397	0.971370324526798	0.93685829538885	0.9012786015188566
ASV0045	0.9878758963378792	0.9963290941154826	0.994377149725397	0.9948221407745447	0.93685829538885	0.24088814154536203
ASV0046	0.9878758963378792	0.9963290941154826	0.994377149725397	0.971370324526798	0.93685829538885	0.8121511498287567
ASV0047	0.9945342698515451	0.9963290941154826	0.994377149725397	0.971370324526798	0.93685829538885	0.8321999003387126
ASV0048	0.9878758963378792	0.9963290941154826	0.994377149725397	0.971370324526798	0.9542547963042438	0.9457168454055934
ASV0049	0.9878758963378792	0.9963290941154826	0.7076360424432503	0.539093377815353	0.3783522385388751	0.22553772448420117
ASV0050	0.9878758963378792	0.9963290941154826	0.994377149725397	0.971370324526798	0.7220437848112744	0.4644410421907927
ASV0051	0.9878758963378792	0.9963290941154826	0.994377149725397	0.994440111075965	0.9542547963042438	0.7776249247198621
ASV0052	0.9878758963378792	0.9963290941154826	0.8235609232037671	0.6749865588352769	0.5331619566033695	0.4067248651709234
ASV0053	0.9878758963378792	0.9963290941154826	0.994377149725397	0.971370324526798	0.93685829538885	0.7974840350498332
ASV0054	0.9878758963378792	0.9963290941154826	0.994377149725397	0.971370324526798	0.9542547963042438	0.9386801840903612
ASV0055	0.9878758963378792	0.9963290941154826	0.994377149725397	0.971370324526798	0.93685829538885	0.8267357561263526
ASV0056	2.115614916024937e-05	2.811275146232311e-05	4.178848408049507e-05	5.797213579109854e-05	8.008996429379307e-05	0.00013587912765469114
ASV0057	0.9878758963378792	0.9963290941154826	0.994377149725397	0.971370324526798	0.8896269953404207	0.6768555667152754
ASV0058	0.9878758963378792	0.9963290941154826	0.994377149725397	0.971370324526798	0.9542547963042438	0.8321999003387126
ASV0059	0.9878758963378792	0.9963290941154826	0.994377149725397	0.971370324526798	0.9542547963042438	0.9456794652288997
ASV0060	0.9878758963378792	0.9963290941154826	0.994377149725397	0.971370324526798	0.9634834177206515	0.9984751985906208
ASV0061	0.9878758963378792	0.9963290941154826	0.994377149725397	0.994440111075965	0.9827892608416535	0.9711236867850873
ASV0062	0.9878758963378792	0.9963290941154826	0.994377149725397	0.971370324526798	0.9542547963042438	0.9386801840903612
ASV0063	0.08761937673013749	0.4866117578166711	0.994377149725397	0.9948221407745447	0.9297213887195065	0.23055582154547835
ASV0064	0.9443356616807556	0.6320545641150054	0.41628670242613797	0.32444218560751337	0.2637339265756263	0.24201922726588854
ASV0065	0.9878758963378792	0.9963290941154826	0.994377149725397	0.971370324526798	0.9542547963042438	0.9386801840903612
ASV0066	0.9878758963378792	0.9963290941154826	0.994377149725397	0.9729592183534304	0.9906088064505342	0.9457168454055934
ASV0067	0.9878758963378792	0.9963290941154826	0.994377149725397	0.971370324526798	0.9542547963042438	0.9456794652288997
ASV0068	0.9878758963378792	0.9963290941154826	0.994377149725397	0.971370324526798	0.8896269953404207	0.5596264744179753
ASV0069	0.9878758963378792	0.9963290941154826	0.8235609232037671	0.6999491358984731	0.6960584974290884	0.614405853694717
ASV0070	0.9878758963378792	0.9963290941154826	0.994377149725397	0.971370324526798	0.9542547963042438	0.9386801840903612
ASV0071	0.9878758963378792	0.9963290941154826	0.994377149725397	0.971370324526798	0.9542547963042438	0.8785751694701222
ASV0072	0.9945342698515451	0.9963290941154826	0.994377149725397	0.971370324526798	0.9542547963042438	0.8399542289806706
ASV0073	0.9878758963378792	0.9963290941154826	0.994377149725397	0.971370324526798	0.93685829538885	0.7779016003331644
ASV0074	2.115614916024937e-05	2.9821542405400974e-05	4.234867098519e-05	5.797213579109854e-05	8.008996429379307e-05	0.00010842686882781195
ASV0075	0.9878758963378792	0.9963290941154826	0.994377149725397	0.971370324526798	0.9277713095197987	0.7144370627035596
ASV0076	0.9878758963378792	0.9963290941154826	0.994377149725397	0.971370324526798	0.9542547963042438	0.9456794652288997
ASV0077	0.9878758963378792	0.9963290941154826	0.994377149725397	0.9811637116763441	0.9827892608416535	0.9711236867850873
ASV0078	0.9878758963378792	0.9963290941154826	0.994377149725397	0.994440111075965	0.9827892608416535	0.9984751985906208
ASV0079	0.9878758963378792	0.9963290941154826	0.994377149725397	0.9729592183534304	0.97764517825576	0.9984751985906208
ASV0080	0.9878758963378792	0.9963290941154826	0.994377149725397	0.971370324526798	0.9542547963042438	0.9457168454055934
ASV0081	0.9878758963378792	0.9963290941154826	0.994377149725397	0.971370324526798	0.8985559938797942	0.8321999003387126
ASV0082	0.9878758963378792	0.9963290941154826	0.994377149725397	0.971370324526798	0.9542547963042438	0.9456794652288997
ASV0083	0.9945342698515451	0.9963290941154826	0.994377149725397	0.971370324526798	0.93685829538885	0.7974840350498332
ASV0084	0.9878758963378792	0.9963290941154826	0.994377149725397	0.9729592183534304	0.9542547963042438	0.9456794652288997
ASV0085	0.9878758963378792	0.9963290941154826	0.994377149725397	0.994440111075965	0.9542547963042438	0.7144370627035596
ASV0086	0.9878758963378792	0.9963290941154826	0.994377149725397	0.9729592183534304	0.9542547963042438	0.9457168454055934
ASV0087	0.0011742010100338667	0.0010002899115216545	0.0010822408661624724	0.0010716955262802278	0.0011320374596573675	0.0010839788408401755
ASV0088	0.9878758963378792	0.9963290941154826	0.994377149725397	0.971370324526798	0.7933403355092588	0.5936017120961159
ASV0089	0.9878758963378792	0.9963290941154826	0.994377149725397	0.971370324526798	0.8896269953404207	0.692317462493257
ASV0090	0.9878758963378792	0.9963290941154826	0.994377149725397	0.971370324526798	0.93685829538885	0.9386801840903612
ASV0091	0.9878758963378792	0.9963290941154826	0.994377149725397	0.971370324526798	0.8859583812719394	0.7030752021026979
ASV0092	0.9878758963378792	0.9963290941154826	0.994377149725397	0.971370324526798	0.8896269953404207	0.8310657582850018
ASV0093	0.9878758963378792	0.9963290941154826	0.994377149725397	0.977609742814909	0.9542547963042438	0.9386801840903612
ASV0094	0.0001490263899126329	3.880885892859429e-05	3.9992449432006686e-05	4.056578594104585e-05	3.922184152953606e-05	5.1342495133073204e-05
ASV0095	0.9878758963378792	0.9963290941154826	0.994377149725397	0.971370324526798	0.9542547963042438	0.9456794652288997
ASV0096	0.00048366436790883764	0.00014830166091411363	0.00014759917412505424	0.0002594873530835457	0.0005172357660864536	0.002018404534359933
ASV0097	0.9878758963378792	0.9963290941154826	0.994377149725397	0.971370324526798	0.8896269953404207	0.6825075816310376
ASV0098	0.9878758963378792	0.9009062929325129	0.3224037636761842	0.08471784326193381	0.012909395642970415	0.0009693940500309195
ASV0099	0.9878758963378792	0.9963290941154826	0.6882568792476855	0.48911503705659676	0.031501340689734716	0.002365778885455892
ASV0100	0.9878758963378792	0.9963290941154826	0.994377149725397	0.971370324526798	0.9542547963042438	0.9515597620588845
ASV0101	0.9878758963378792	0.9963290941154826	0.994377149725397	0.971370324526798	0.93685829538885	0.7056001173976586
ASV0102	0.9878758963378792	0.9963290941154826	0.994377149725397	0.971370324526798	0.8520436565413316	0.692317462493257
ASV0103	0.9878758963378792	0.9963290941154826	0.994377149725397	0.994440111075965	0.9542547963042438	0.9386801840903612
ASV0104	0.009667862866467125	0.0025803165657337698	0.0010696803889435197	0.0006707590203459789	0.0004818828704799306	0.0003475824538609759
ASV0105	0.9878758963378792	0.9963290941154826	0.994377149725397	0.994440111075965	0.9542547963042438	0.9386801840903612
ASV0106	0.9878758963378792	0.9963290941154826	0.994377149725397	0.971370324526798	0.9355380458852718	0.7974840350498332
ASV0107	6.8922949901433695e-06	9.619775130533705e-06	1.9830422629229686e-05	2.2242148035172077e-05	2.8597677253730626e-05	4.6267473828933056e-05
ASV0108	0.9878758963378792	0.9963290941154826	0.994377149725397	0.971370324526798	0.9277713095197987	0.7056001173976586
ASV0109	0.9878758963378792	0.9963290941154826	0.994377149725397	0.971370324526798	0.9542547963042438	0.9386801840903612
ASV0110	2.115614916024937e-05	2.9821542405400974e-05	4.830398281186824e-05	6.432649000641861e-05	8.008996429379307e-05	0.00013587912765469114
ASV0111	6.8922949901433695e-06	1.1343938786481022e-05	2.099232405218146e-05	3.344613733982621e-05	3.922184152953606e-05	7.321192094321118e-05
ASV0112	0.9878758963378792	0.9963290941154826	0.7882717467350971	0.566674305363027	0.3667364009320866	0.16704703707669688
ASV0113	0.9878758963378792	0.9963290941154826	0.994377149725397	0.9811637116763441	0.9934369935489946	0.9457168454055934
ASV0114	0.9878758963378792	0.9963290941154826	0.994377149725397	0.971370324526798	0.9542547963042438	0.9386801840903612
ASV0115	0.01582833828512026	0.004229249911064644	0.003489408838610707	0.004305926339573851	0.06836887098608141	0.07211695267467194
ASV0116	0.001438525873714174	0.002105639745184198	0.003153083353041984	0.00364180044230108	0.0004090660175705731	0.004620295328386741
ASV0117	0.9878758963378792	0.9963290941154826	0.994377149725397	0.971370324526798	0.9459114242088831	0.7776249247198621
ASV0118	0.9878758963378792	0.9963290941154826	0.994377149725397	0.971370324526798	0.9542547963042438	0.9386801840903612
ASV0119	0.5004940222005354	0.6320545641150054	0.6882568792476855	0.6749865588352769	0.7052814516653115	0.6572655878645002
ASV0120	0.9878758963378792	0.9963290941154826	0.6882568792476855	0.5672436622344471	0.5272207947068333	0.5217896548137265
ASV0121	0.001411320703652776	0.0012690475981723729	7.91780221753364e-05	6.92526669834952e-05	8.008996429379307e-05	0.00013587912765469114
ASV0122	1.4478111690455813e-06	2.8146404895885375e-06	3.0020660435486438e-06	4.952979360890599e-06	9.989422179221612e-06	2.1963201803970473e-05
ASV0123	0.9878758963378792	0.9963290941154826	0.994377149725397	0.971370324526798	0.6007891166003574	0.14479604677152955
ASV0124	0.9878758963378792	0.9963290941154826	0.3305345723792905	0.19204662108514445	0.08498647213286999	0.024267336536096654
ASV0125	0.9878758963378792	0.9963290941154826	0.994377149725397	0.971370324526798	0.9542547963042438	0.9456794652288997
ASV0126	0.9878758963378792	0.4143209681838896	0.00869844609891538	0.0003207022311164862	1.260636308174563e-05	3.19147662221701e-08
ASV0127	0.9878758963378792	0.7362099531899549	0.7756413347822537	0.5997565333020192	0.466439483725548	0.15757092193314756
ASV0128	0.9878758963378792	0.9963290941154826	0.994377149725397	0.971370324526798	0.93685829538885	0.42730130619085904
ASV0129	0.9945342698515451	0.9963290941154826	0.994377149725397	0.994440111075965	0.975503191776853	0.9456794652288997
ASV0130	0.9878758963378792	0.9963290941154826	0.994377149725397	0.971370324526798	0.6570490198854346	0.5473239724797876
ASV0131	0.9878758963378792	0.9963290941154826	0.994377149725397	0.971370324526798	0.8867458008909912	0.7056001173976586
ASV0132	4.9107044642719015e-05	2.9821542405400974e-05	4.234867098519e-05	5.797213579109854e-05	8.008996429379307e-05	0.00013587912765469114
ASV0133	0.9878758963378792	0.9963290941154826	0.994377149725397	0.994440111075965	0.9542547963042438	0.5936017120961159
ASV0134	0.9878758963378792	0.9963290941154826	0.994377149725397	0.971370324526798	0.8360068920929131	0.6016284335203345
ASV0135	0.9878758963378792	0.9963290941154826	0.994377149725397	0.9844360581603216	0.9542547963042438	0.9386801840903612
ASV0136	0.9878758963378792	0.9963290941154826	0.994377149725397	0.971370324526798	0.9542547963042438	0.9951523636042486
ASV0137	0.9945342698515451	0.9963290941154826	0.994377149725397	0.971370324526798	0.93685829538885	0.8321999003387126
ASV0138	0.9878758963378792	0.9963290941154826	0.994377149725397	0.971370324526798	0.9827892608416535	0.9469337951054169
ASV0139	0.9878758963378792	0.9963290941154826	0.994377149725397	0.971370324526798	0.9542547963042438	0.9457168454055934
ASV0140	0.9878758963378792	0.9963290941154826	0.6882568792476855	0.539093377815353	0.3783522385388751	0.22925361926905524
ASV0141	0.991124907004939	0.9963290941154826	0.994377149725397	0.9729592183534304	0.9542547963042438	0.9412350994088989
ASV0142	0.9878758963378792	0.9963290941154826	0.994377149725397	0.971370324526798	0.9459114242088831	0.8702299782011047
ASV0143	0.9878758963378792	0.9963290941154826	0.994377149725397	0.971370324526798	0.93685829538885	0.8321999003387126
ASV0144	0.9945342698515451	0.9963290941154826	0.994377149725397	0.971370324526798	0.9542547963042438	0.8702299782011047
ASV0145	0.9878758963378792	0.9963290941154826	0.994377149725397	0.971370324526798	0.93685829538885	0.7030752021026979
ASV0146	0.9945342698515451	0.9963290941154826	0.994377149725397	0.971370324526798	0.93685829538885	0.7989045358265754
ASV0147	0.9878758963378792	0.9963290941154826	0.994377149725397	0.971370324526798	0.9542547963042438	0.9456794652288997
ASV0148	0.9878758963378792	0.9963290941154826	0.994377149725397	0.994440111075965	0.9827892608416535	0.9386801840903612
ASV0149	0.9878758963378792	0.9963290941154826	0.6882568792476855	0.539093377815353	0.4516468970079067	0.36366215091650905
ASV0150	0.9878758963378792	0.9963290941154826	0.994377149725397	0.971370324526798	0.9277713095197987	0.7974840350498332
ASV0151	0.9878758963378792	0.9963290941154826	0.994377149725397	0.971370324526798	0.9542547963042438	0.9457168454055934
ASV0152	0.9878758963378792	0.9963290941154826	0.994377149725397	0.971370324526798	0.9542547963042438	0.9386801840903612
ASV0153	0.9878758963378792	0.9963290941154826	0.994377149725397	0.9954439398801149	0.9845051909966538	0.9984751985906208
ASV0154	0.0011742010100338667	0.00014830166091411363	8.870885792801584e-05	0.00010411609646310299	0.00016468995724477193	0.0003475824538609759
ASV0155	0.9878758963378792	0.9963290941154826	0.7076360424432503	0.971370324526798	0.5331619566033695	0.692317462493257
ASV0156	0.9878758963378792	0.9963290941154826	0.994377149725397	0.971370324526798	0.9827892608416535	0.9386801840903612
ASV0157	0.002330535140668478	0.00029611219306653364	8.870885792801584e-05	6.92526669834952e-05	8.008996429379307e-05	0.0001282569833429515
ASV0158	0.9878758963378792	0.9963290941154826	0.7087031388386686	0.566674305363027	0.4260521598250863	0.25826737546980477
ASV0159	0.9878758963378792	0.9935300182933338	0.55529513603753	0.400625744592123	0.2927164957896312	0.23055582154547835
ASV0160	0.9878758963378792	0.9963290941154826	0.6882568792476855	0.5997565333020192	0.2927164957896312	0.1935521362701394
ASV0161	0.9878758963378792	0.9963290941154826	0.994377149725397	0.971370324526798	0.93685829538885	0.9386801840903612
ASV0162	0.9878758963378792	0.9963290941154826	0.994377149725397	0.9948221407745447	0.9542547963042438	0.9386801840903612
ASV0163	0.9878758963378792	0.9963290941154826	0.994377149725397	0.971370324526798	0.93685829538885	0.9456794652288997
ASV0164	0.9878758963378792	0.9963290941154826	0.9480560725712739	0.971370324526798	0.8896269953404207	0.7776249247198621
ASV0165	0.9878758963378792	0.9963290941154826	0.994377149725397	0.971370324526798	0.93685829538885	0.7056001173976586
ASV0166	0.27242230836966036	0.34965799001764775	0.4771053381645187	0.48057281483334685	0.38413210573308115	0.24201922726588854
ASV0167	0.9878758963378792	0.9963290941154826	0.994377149725397	0.971370324526798	0.9542547963042438	0.9386801840903612
ASV0168	0.9878758963378792	0.9963290941154826	0.994377149725397	0.971370324526798	0.9277713095197987	0.7056001173976586
ASV0169	0.9878758963378792	0.9963290941154826	0.994377149725397	0.9811637116763441	0.9827892608416535	0.9457168454055934
ASV0170	0.9878758963378792	0.9963290941154826	0.994377149725397	0.994440111075965	0.9827892608416535	0.9951523636042486
ASV0171	0.9878758963378792	0.9963290941154826	0.994377149725397	0.971370324526798	0.7220437848112744	0.3657980562567717
ASV0172	0.9878758963378792	0.9963290941154826	0.994377149725397	0.994440111075965	0.9554348093885807	0.9386801840903612
ASV0173	0.9878758963378792	0.9963290941154826	0.994377149725397	0.971370324526798	0.9542547963042438	0.9456794652288997
ASV0174	0.9878758963378792	0.9963290941154826	0.994377149725397	0.971370324526798	0.9634834177206515	0.9386801840903612
ASV0175	0.948856107597959	0.9161629234908639	0.4304106830332966	0.4249039545293007	0.3783522385388751	0.2844030418835834
ASV0176	0.9878758963378792	0.9963290941154826	0.994377149725397	0.971370324526798	0.9827892608416535	0.9807794876306768
ASV0177	0.9878758963378792	0.9963290941154826	0.994377149725397	0.971370324526798	0.9542547963042438	0.9127598165108821
ASV0178	0.9878758963378792	0.9963290941154826	0.994377149725397	0.971370324526798	0.93685829538885	0.8321999003387126
ASV0179	0.9878758963378792	0.9963290941154826	0.994377149725397	0.971370324526798	0.9634834177206515	0.9984751985906208
ASV0180	0.9878758963378792	0.9963290941154826	0.994377149725397	0.994440111075965	0.9542547963042438	0.8702299782011047
ASV0181	0.9878758963378792	0.9963290941154826	0.994377149725397	0.994440111075965	0.9827892608416535	0.9951523636042486
ASV0182	0.9878758963378792	0.9963290941154826	0.994377149725397	0.971370324526798	0.93685829538885	0.7989045358265754
ASV0183	0.9878758963378792	0.9963290941154826	0.994377149725397	0.9966417204830377	0.9827892608416535	0.9977415219702878
ASV0184	0.9878758963378792	0.9963290941154826	0.994377149725397	0.994440111075965	0.9827892608416535	0.9984751985906208
ASV0185	0.9878758963378792	0.9963290941154826	0.994377149725397	0.971370324526798	0.8896269953404207	0.7030752021026979
ASV0186	0.9878758963378792	0.9963290941154826	0.7704208002711229	0.5920204442674325	0.4396027031803362	0.25834801281666814
ASV0187	0.9878758963378792	0.9963290941154826	0.994377149725397	0.9811637116763441	0.9827892608416535	0.9977415219702878
ASV0188	0.9878758963378792	0.9905170506585705	0.4984771251911451	0.3318912389188034	0.2226008785948214	0.14497824876192555
ASV0189	0.9878758963378792	0.9963290941154826	0.994377149725397	0.971370324526798	0.8896269953404207	0.7144370627035596
ASV0190	0.9878758963378792	0.9963290941154826	0.994377149725397	0.971370324526798	0.9542547963042438	0.9515597620588845
ASV0191	0.9878758963378792	0.9963290941154826	0.994377149725397	0.971370324526798	0.9542547963042438	0.9012786015188566
ASV0192	0.9878758963378792	0.9963290941154826	0.994377149725397	0.971370324526798	0.9542547963042438	0.9386801840903612
ASV0193	0.9878758963378792	0.7409378757971755	0.6261384089169566	0.539093377815353	0.5272207947068333	0.6110555641505999
ASV0194	0.9878758963378792	0.9963290941154826	0.994377149725397	0.971370324526798	0.872137246008936	0.6768555667152754
ASV0195	0.9878758963378792	0.9963290941154826	0.994377149725397	0.971370324526798	0.872137246008936	0.6016284335203345
ASV0196	0.001951287904955208	0.002668855339536929	0.004069923346998911	0.0003207022311164862	0.006861748957854765	0.0005695339052626848
ASV0197	0.9878758963378792	0.9963290941154826	0.994377149725397	0.971370324526798	0.9542547963042438	0.9984751985906208
ASV0198	0.5403836366983737	0.49386845019291375	0.55529513603753	0.539093377815353	0.5272207947068333	0.5473239724797876
ASV0199	0.9878758963378792	0.9963290941154826	0.994377149725397	0.971370324526798	0.9542547963042438	0.8321999003387126
ASV0200	0.9945342698515451	0.9963290941154826	0.994377149725397	0.971370324526798	0.8520436565413316	0.23055582154547835
ASV0201	0.9945342698515451	0.9963290941154826	0.994377149725397	0.971370324526798	0.9277713095197987	0.7232956796317154
ASV0202	0.9878758963378792	0.9963290941154826	0.994377149725397	0.971370324526798	0.9542547963042438	0.9127598165108821
ASV0203	0.9878758963378792	0.9963290941154826	0.994377149725397	0.971370324526798	0.9203146518362662	0.7030752021026979
ASV0204	0.9878758963378792	0.9963290941154826	0.994377149725397	0.9811637116763441	0.9542547963042438	0.9386801840903612
ASV0205	0.9878758963378792	0.9963290941154826	0.6882568792476855	0.5341596913741595	0.3667364009320866	0.1935521362701394
ASV0206	0.9878758963378792	0.9963290941154826	0.994377149725397	0.6749865588352769	0.41090742061780405	0.11270523481941547
ASV0207	0.9878758963378792	0.9963290941154826	0.994377149725397	0.9948221407745447	0.9542547963042438	0.7330517595399852
ASV0208	0.9878758963378792	0.9963290941154826	0.994377149725397	0.994440111075965	0.9542547963042438	0.9386801840903612
ASV0209	0.03613303377990131	0.006481067844728991	0.0014155288354891031	0.0006827654333217471	0.000378452456335387	0.00016670850283509098
ASV0210	0.9878758963378792	0.9963290941154826	0.6882568792476855	0.5093502008886464	0.3667364009320866	0.22925361926905524
ASV0211	0.9878758963378792	0.9963290941154826	0.994377149725397	0.9844360581603216	0.9827892608416535	0.9984751985906208
ASV0212	0.9878758963378792	0.9963290941154826	0.994377149725397	0.971370324526798	0.7220437848112744	0.24967407710860054
ASV0213	0.9878758963378792	0.9963290941154826	0.994377149725397	0.48911503705659676	0.035571961758639935	9.387122620327964e-05
ASV0214	0.9878758963378792	0.9963290941154826	0.994377149725397	0.971370324526798	0.93685829538885	0.7974840350498332
ASV0215	0.9878758963378792	0.9963290941154826	0.994377149725397	0.971370324526798	0.9542547963042438	0.9386801840903612
ASV0216	0.9878758963378792	0.9963290941154826	0.994377149725397	0.971370324526798	0.93685829538885	0.8321999003387126
ASV0217	0.9878758963378792	0.9963290941154826	0.994377149725397	0.971370324526798	0.9542547963042438	0.9673772353242749
ASV0218	0.9878758963378792	0.9963290941154826	0.994377149725397	0.994440111075965	0.9542547963042438	0.8321999003387126
ASV0219	0.9878758963378792	0.9963290941154826	0.994377149725397	0.971370324526798	0.93685829538885	0.614405853694717
ASV0220	0.9878758963378792	0.9963290941154826	0.994377149725397	0.971370324526798	0.9542547963042438	0.9386801840903612
ASV0221	0.9878758963378792	0.9963290941154826	0.994377149725397	0.971370324526798	0.8005287548353334	0.40693907894461645
ASV0222	0.9878758963378792	0.998253776575472	0.994377149725397	0.9680995461751889	0.266271363454409	0.0023712645449736687
ASV0223	0.9878758963378792	0.9963290941154826	0.994377149725397	0.971370324526798	0.9542547963042438	0.9127598165108821
ASV0224	0.0008267212065977129	0.0006178868902954901	0.0009890712492439167	0.0011041053637788824	0.00148160456992788	0.0018762900722863393
ASV0225	0.9878758963378792	0.9963290941154826	0.994377149725397	0.971370324526798	0.9542547963042438	0.9386801840903612
ASV0226	0.9878758963378792	0.9963290941154826	0.994377149725397	0.971370324526798	0.872137246008936	0.2758146099981288
ASV0227	0.9878758963378792	0.9963290941154826	0.994377149725397	0.9033201874591379	0.7220437848112744	0.614405853694717
ASV0228	0.9878758963378792	0.9963290941154826	0.994377149725397	0.971370324526798	0.93685829538885	0.8702299782011047
ASV0229	0.9945342698515451	0.9963290941154826	0.994377149725397	0.9948221407745447	0.9827892608416535	0.9456794652288997
ASV0230	0.9878758963378792	0.9963290941154826	0.994377149725397	0.971370324526798	0.93685829538885	0.8321999003387126
ASV0231	0.9878758963378792	0.9963290941154826	0.994377149725397	0.971370324526798	0.93685829538885	0.46492986935297387
ASV0232	0.9878758963378792	0.9963290941154826	0.994377149725397	0.9948221407745447	0.9827892608416535	0.9457168454055934
ASV0233	0.9878758963378792	0.9963290941154826	0.994377149725397	0.971370324526798	0.8896269953404207	0.7401455704003188
ASV0234	0.9878758963378792	0.9963290941154826	0.994377149725397	0.9948221407745447	0.9827892608416535	0.9457168454055934
ASV0235	0.9878758963378792	0.9963290941154826	0.994377149725397	0.971370324526798	0.8812326873444661	0.28289031972455936
ASV0236	0.9878758963378792	0.9963290941154826	0.994377149725397	0.971370324526798	0.9542547963042438	0.9456794652288997
ASV0237	2.115614916024937e-05	4.404928493864422e-06	3.0020660435486438e-06	3.234963175614937e-06	4.101347178741517e-06	4.778691539932069e-06
ASV0238	8.49791111797827e-05	2.9821542405400974e-05	3.521492395486292e-05	4.056578594104585e-05	4.5863076695541646e-05	0.0001048695511552028
ASV0239	0.9878758963378792	0.9963290941154826	0.994377149725397	0.971370324526798	0.8896269953404207	0.2844030418835834
ASV0240	0.9878758963378792	0.9935300182933338	0.6882568792476855	0.539093377815353	0.48798966208804456	0.4644410421907927
ASV0241	0.9878758963378792	0.9963290941154826	0.994377149725397	0.971370324526798	0.8896269953404207	0.7056001173976586
ASV0242	0.9878758963378792	0.9963290941154826	0.7076360424432503	0.5835943908335325	0.4965961502443107	0.39424737463641685
ASV0243	0.9878758963378792	0.9963290941154826	0.994377149725397	0.994440111075965	0.9542547963042438	0.9386801840903612
ASV0244	0.0007407177511960422	0.00017283973170473702	0.00011061792228802888	0.00010411609646310299	0.00011533743517993623	0.00016170753000276783
ASV0245	0.9878758963378792	0.9963290941154826	0.994377149725397	0.971370324526798	0.9542547963042438	0.8321999003387126
ASV0246	0.9878758963378792	0.9963290941154826	0.994377149725397	0.971370324526798	0.9277713095197987	0.7866270762419544
ASV0247	0.9878758963378792	0.9963290941154826	0.994377149725397	0.971370324526798	0.8520436565413316	0.24967407710860054
ASV0248	0.9878758963378792	0.9963290941154826	0.994377149725397	0.971370324526798	0.872137246008936	0.7056001173976586
ASV0249	0.9878758963378792	0.9963290941154826	0.994377149725397	0.48911503705659676	0.15920454964986808	0.01628307463768273
ASV0251	0.9878758963378792	0.9963290941154826	0.994377149725397	0.994440111075965	0.9827892608416535	0.9457168454055934
ASV0252	0.9878758963378792	0.9963290941154826	0.994377149725397	0.971370324526798	0.9277713095197987	0.7144370627035596
ASV0253	0.9878758963378792	0.9963290941154826	0.994377149725397	0.971370324526798	0.8807139266286984	0.588413605376452
ASV0254	0.9878758963378792	0.9963290941154826	0.994377149725397	0.971370324526798	0.9827892608416535	0.9456794652288997
ASV0255	0.9878758963378792	0.9963290941154826	0.994377149725397	0.971370324526798	0.93685829538885	0.5217896548137265
ASV0256	0.9878758963378792	0.9963290941154826	0.994377149725397	0.971370324526798	0.9542547963042438	0.8321999003387126
ASV0257	0.9878758963378792	0.9963290941154826	0.994377149725397	0.971370324526798	0.9542547963042438	0.9456794652288997
ASV0258	0.9878758963378792	0.9963290941154826	0.994377149725397	0.971370324526798	0.9542547963042438	0.9457168454055934
ASV0259	0.9878758963378792	0.9963290941154826	0.994377149725397	0.971370324526798	0.93685829538885	0.8785751694701222
ASV0260	0.9878758963378792	0.9963290941154826	0.994377149725397	0.9811637116763441	0.9542547963042438	0.9456794652288997
ASV0261	0.9878758963378792	0.9963290941154826	0.994377149725397	0.971370324526798	0.8489734027620107	0.7765525885555261
ASV0262	0.9878758963378792	0.9963290941154826	0.994377149725397	0.971370324526798	0.9634834177206515	0.9457168454055934
ASV0263	0.9878758963378792	0.9963290941154826	0.994377149725397	0.971370324526798	0.8520436565413316	0.697041063909258
ASV0264	0.9878758963378792	0.9963290941154826	0.994377149725397	0.9970295357995104	0.9827892608416535	0.9456794652288997
ASV0265	0.9878758963378792	0.9963290941154826	0.994377149725397	0.9811637116763441	0.97764517825576	0.9951523636042486
ASV0266	0.9878758963378792	0.9963290941154826	0.994377149725397	0.971370324526798	0.9542547963042438	0.9457168454055934
ASV0267	0.9878758963378792	0.9963290941154826	0.994377149725397	0.971370324526798	0.9542547963042438	0.9456794652288997
ASV0268	0.9878758963378792	0.9963290941154826	0.994377149725397	0.971370324526798	0.8520436565413316	0.3282792788727489
ASV0269	0.9878758963378792	0.9963290941154826	0.994377149725397	0.971370324526798	0.9542547963042438	0.7056001173976586
ASV0270	0.9878758963378792	0.9963290941154826	0.7547523418694869	0.971370324526798	0.872137246008936	0.692317462493257
ASV0271	0.9878758963378792	0.9963290941154826	0.994377149725397	0.6749865588352769	0.2637339265756263	0.012703518022338765
ASV0272	0.0001241455743166099	0.00016163378863568524	0.00026807831904642116	0.00034245007554123484	0.0004909712283709192	0.0007599073649826719
ASV0273	0.9878758963378792	0.9963290941154826	0.994377149725397	0.971370324526798	0.9542547963042438	0.8785751694701222
ASV0274	0.9878758963378792	0.9963290941154826	0.994377149725397	0.971370324526798	0.8896269953404207	0.7144370627035596
ASV0275	0.9878758963378792	0.9963290941154826	0.994377149725397	0.971370324526798	0.9542547963042438	0.9386801840903612
ASV0276	0.9878758963378792	0.9963290941154826	0.994377149725397	0.971370324526798	0.9542547963042438	0.9215193192566097
ASV0277	0.9878758963378792	0.9963290941154826	0.7882717467350971	0.2608717246577563	0.0106804277823409	2.8249970084926644e-05
ASV0278	0.0006149890811761985	8.42091871268197e-05	0.00026807831904642116	0.0002961350213539232	0.0003512635321338629	0.0003323842272024174
ASV0279	0.9878758963378792	0.9963290941154826	0.994377149725397	0.971370324526798	0.93685829538885	0.7776249247198621
ASV0280	0.9878758963378792	0.9963290941154826	0.994377149725397	0.994440111075965	0.9827892608416535	0.9951523636042486
ASV0281	0.9878758963378792	0.9963290941154826	0.994377149725397	0.971370324526798	0.9542547963042438	0.9951523636042486
ASV0282	0.9878758963378792	0.9963290941154826	0.994377149725397	0.971370324526798	0.9542547963042438	0.9984751985906208
ASV0283	0.9945342698515451	0.9963290941154826	0.994377149725397	0.971370324526798	0.9542547963042438	0.9456794652288997
ASV0284	0.9878758963378792	0.9963290941154826	0.994377149725397	0.971370324526798	0.9542547963042438	0.7974840350498332
ASV0285	0.8116546136312257	0.9963290941154826	0.994377149725397	0.971370324526798	0.9277713095197987	0.7989045358265754
ASV0286	0.9878758963378792	0.9963290941154826	0.994377149725397	0.9948221407745447	0.9827892608416535	0.9456794652288997
ASV0287	0.9878758963378792	0.9963290941154826	0.908691777897411	0.6749865588352769	0.5272207947068333	0.3282792788727489
ASV0288	0.9878758963378792	0.9963290941154826	0.994377149725397	0.971370324526798	0.9542547963042438	0.9838462124477096
ASV0289	0.9878758963378792	0.9963290941154826	0.994377149725397	0.971370324526798	0.93685829538885	0.8399542289806706
ASV0290	0.9878758963378792	0.9963290941154826	0.6093322835945596	0.1371013934751402	0.008076370815285552	0.00013587912765469114
ASV0291	0.9878758963378792	0.9963290941154826	0.994377149725397	0.971370324526798	0.9203146518362662	0.7056001173976586
ASV0292	4.745279905529431e-05	7.727715134007654e-05	0.00013825277185134554	0.0002272666289289507	0.00035341265346138705	0.0005695339052626848
ASV0293	0.9878758963378792	0.9963290941154826	0.994377149725397	0.971370324526798	0.8896269953404207	0.7401455704003188
ASV0294	0.9878758963378792	0.9963290941154826	0.908691777897411	0.6749865588352769	0.5272207947068333	0.36366215091650905
ASV0295	0.8981436193294527	0.8919049004978701	0.7547523418694869	0.6999491358984731	0.7220437848112744	0.6768555667152754
ASV0296	0.9878758963378792	0.9963290941154826	0.994377149725397	0.971370324526798	0.9542547963042438	0.9457168454055934
ASV0297	0.9878758963378792	0.9963290941154826	0.994377149725397	0.971370324526798	0.9542547963042438	0.9456794652288997
ASV0298	0.9878758963378792	0.9963290941154826	0.994377149725397	0.971370324526798	0.8495887676880957	0.6016284335203345
ASV0299	0.9878758963378792	0.9963290941154826	0.994377149725397	0.971370324526798	0.8896269953404207	0.7973592039832882
