	aldex_effect	aldex_diff_btw	aldex_q	aldex_call	ancom_lfc	ancom_q	ancom_passed_ss	ancom_call	prevalence	agreement
ASV0237	1.3436055163607796	2.042134722599659	0.0008532946886640473	True	1.7248325741014934	3.234963175614937e-06	True	True	0.9666666666666667	both
ASV0122	0.9500103940133781	1.561685438631	0.004699085054247059	True	1.6083999797418134	4.952979360890599e-06	True	True	1.0	both
ASV0029	0.9884817624226505	1.6420983071187185	0.03448986563463715	True	1.4847427473408918	2.191677108667288e-05	True	True	0.9833333333333333	both
ASV0107	1.1008749835038691	1.5884332009722275	0.002415614005622608	True	1.566613454456085	2.2242148035172077e-05	True	True	1.0	both
ASV0111	0.9594974567292105	1.5574409665285058	0.004015369701012728	True	1.3250160342507746	3.344613733982621e-05	True	True	1.0	both
ASV0094	0.9304950335961213	1.1100847117535497	0.008193234622671646	True	1.5135595818650711	4.056578594104585e-05	True	True	0.9666666666666667	both
ASV0238	0.9397963461389283	1.131997188450863	0.005452753427492524	True	1.3814787571312699	4.056578594104585e-05	True	True	0.9833333333333333	both
ASV0041	1.0416324231363516	1.8764873960821993	0.028120885928457216	True	1.5816148351154307	5.797213579109854e-05	False	False	0.9333333333333333	aldex2_only
ASV0132	0.9970811288687622	1.287023069745552	0.0029728462304396837	True	1.4011104001991257	5.797213579109854e-05	True	True	0.9833333333333333	both
ASV0074	0.9250334426996298	1.190562867381622	0.006727757510131819	True	1.3861153337160361	5.797213579109854e-05	True	True	1.0	both
ASV0056	0.9473738190949852	1.161498230017454	0.008530956388626026	True	1.488353063561546	5.797213579109854e-05	True	True	0.9833333333333333	both
ASV0110	1.0325116824006573	1.6202193769455762	0.0038769693592100533	True	1.630970646686604	6.432649000641861e-05	True	True	1.0	both
ASV0121	1.0764440698435487	1.4189100614192702	0.003186029720616931	True	1.3979443755464454	6.92526669834952e-05	True	True	0.9833333333333333	both
ASV0157	0.698010783798416	1.2132210566661457	0.08956715589079896	False	1.1546503431599877	6.92526669834952e-05	True	True	0.8666666666666667	ancombc2_only
ASV0154	0.8711864231988102	1.503199944895172	0.038445682140706885	True	1.422179527827407	0.00010411609646310299	True	True	0.95	both
ASV0244	0.8006310736507636	1.1713350062372045	0.02140017503428096	True	1.15795447158041	0.00010411609646310299	True	True	0.9666666666666667	both
ASV0292	0.7418535392452705	0.9085110571385153	0.04004197260992191	True	1.0060432104441237	0.0002272666289289507	True	True	1.0	both
ASV0040	0.796613243820958	0.853665047824302	0.019821400717536634	True	1.162305906099658	0.00025846371964061404	True	True	0.9833333333333333	both
ASV0096	0.6253256455689625	1.3973443583332577	0.23885703557627355	False	1.0445064295085724	0.0002594873530835457	True	True	0.7166666666666667	ancombc2_only
ASV0278	1.3765549077664194	1.5753133139131457	0.0017262756524199544	True	1.5036807746651775	0.0002961350213539232	True	True	0.9833333333333333	both
ASV0126	0.16754086675757474	0.09872904063731314	0.940563925863749	False	0.316938272192493	0.0003207022311164862	False	False	0.23333333333333334	neither
ASV0196	0.9599617162016455	1.687156959579656	0.0037040819214783118	True	1.4977868437048347	0.0003207022311164862	True	True	1.0	both
ASV0272	0.6594950727292015	1.0522596021874613	0.07346937298759366	False	1.2219530081259165	0.00034245007554123484	True	True	1.0	ancombc2_only
ASV0104	1.0068351298373277	1.3273394489364754	0.037842379450619856	True	1.1897589016331669	0.0006707590203459789	True	True	0.85	both
ASV0209	0.5686878213222266	0.8791963673494783	0.38586802781642654	False	0.92188895340044	0.0006827654333217471	True	True	0.7666666666666667	ancombc2_only
ASV0087	1.026607691712818	1.3885433860352687	0.008142532272160118	True	1.483870846393036	0.0010716955262802278	True	True	0.9833333333333333	both
ASV0224	0.8366197869809948	1.2784732314206522	0.04846268633992509	True	1.168016588670954	0.0011041053637788824	True	True	0.9666666666666667	both
ASV0009	0.6143602159474273	1.2435399322361356	0.1549245555330536	False	0.8689062214821018	0.0015183446944945483	True	True	0.95	ancombc2_only
ASV0005	0.4444554038400137	0.9507532664646654	0.6563709482963925	False	0.7749726073418669	0.0018064647909664187	True	True	0.85	ancombc2_only
ASV0116	0.8663857894807921	1.362590625614743	0.010324246394581153	True	1.4012925554679592	0.00364180044230108	True	True	1.0	both
ASV0115	0.5722103906806776	1.2165018311593008	0.39070070256504086	False	0.9435898360939602	0.004305926339573851	False	False	0.8666666666666667	neither
ASV0098	0.27537796870831677	0.6593600001031492	0.8535774576690089	False	0.4275976718650479	0.08471784326193381	False	False	0.45	neither
ASV0290	0.07656103935327813	0.04924803051599014	0.9198206816888879	False	0.25842521135725366	0.1371013934751402	False	False	0.2	neither
ASV0124	0.23238355903471017	0.31527576256102474	0.9247373244587993	False	0.42774918130620876	0.19204662108514445	False	False	0.6333333333333333	neither
ASV0026	-0.07238530139915637	0.008678677170236293	0.9594143871374737	False	0.19356153972207663	0.2394668010310558	False	False	0.1	neither
ASV0277	0.030382716260325078	0.019765677449587793	0.939287310776184	False	0.19356153972207665	0.2608717246577563	False	False	0.18333333333333332	neither
ASV0064	-0.37953813329333985	-0.719795124613954	0.8248728427042757	False	-0.44196658772312303	0.32444218560751337	True	False	0.7833333333333333	neither
ASV0188	-0.3027541658298091	-0.6366117023101352	0.9254619231769757	False	-0.4578920113509326	0.3318912389188034	True	False	0.9666666666666667	neither
ASV0159	0.08796368823767589	0.24394905849955006	0.963570466255698	False	0.337080251582354	0.400625744592123	True	False	0.8	neither
ASV0037	-0.2637454712193722	-0.7083494781992252	0.9583470759931338	False	-0.4704855321167768	0.400625744592123	True	False	1.0	neither
ASV0018	-0.02169848831675162	-0.04754238404966049	0.9650943110051727	False	0.19978740329352113	0.400625744592123	False	False	0.3	neither
ASV0175	0.19331771605332848	0.549006548746072	0.8800825723393941	False	0.38100350246025355	0.4249039545293007	True	False	0.65	neither
ASV0166	0.13998071960202468	0.07020999485776569	0.9421752654307503	False	0.2537283629213458	0.48057281483334685	True	False	0.48333333333333334	neither
ASV0249	0.06580078103514456	0.121804058011445	0.9752743363392283	False	0.2711583030880212	0.48911503705659676	False	False	0.5	neither
ASV0099	0.13454884056062805	0.21270832929424954	0.9169006595616284	False	0.304029916904332	0.48911503705659676	False	False	0.2833333333333333	neither
ASV0213	0.05460966837709022	0.04793404879811658	0.9487583170564942	False	0.18397213730701717	0.48911503705659676	False	False	0.21666666666666667	neither
ASV0210	-0.40086616461536856	-0.3885607688690236	0.7667550048062771	False	-0.46873390988720554	0.5093502008886464	True	False	0.95	neither
ASV0205	-0.28165357601749963	-0.3118817060378487	0.9816834970038063	False	-0.3896552817913076	0.5341596913741595	True	False	1.0	neither
ASV0198	-0.3128740717619146	-0.41569114410432917	0.9144024428725679	False	-0.28415040109595513	0.539093377815353	True	False	0.85	neither
ASV0140	-0.29938024108889844	-0.4361963721297186	0.9178016787890125	False	-0.4292703759565605	0.539093377815353	True	False	1.0	neither
ASV0240	-0.3290052102693406	-0.7469657364305293	0.9353687850360929	False	-0.37358295638864814	0.539093377815353	True	False	0.8166666666666667	neither
ASV0049	-0.2647882091909858	-0.18490631433472782	0.9638393869740648	False	-0.3466951978205386	0.539093377815353	True	False	1.0	neither
ASV0149	-0.31437875306633856	-0.702559948613575	0.9463990119835337	False	-0.413191781696988	0.539093377815353	True	False	0.9333333333333333	neither
ASV0193	-0.36702313771646866	-0.47751600458604004	0.8477196738396995	False	-0.33918112275363643	0.539093377815353	True	False	0.9666666666666667	neither
ASV0158	-0.3542950303848088	-0.38352048118565585	0.7700755915747466	False	-0.4230187521658557	0.566674305363027	True	False	1.0	neither
ASV0112	0.13897746543937475	0.3637568159590132	0.9721950424679559	False	0.2798628296177761	0.566674305363027	True	False	0.7666666666666667	neither
ASV0120	-0.3237839449838381	-0.5238405500789154	0.8747763822423348	False	-0.4395467967358573	0.5672436622344471	True	False	0.9166666666666666	neither
ASV0242	-0.31577862661693773	-0.5908423360222981	0.8806915102266337	False	-0.3519231654692876	0.5835943908335325	True	False	0.95	neither
ASV0186	-0.230037601452677	-0.08630376429636111	0.9844706441915899	False	-0.29381078797704563	0.5920204442674325	True	False	1.0	neither
ASV0160	0.10093897265320959	0.5094542169974345	0.9608789225041057	False	0.4017007959918121	0.5997565333020192	True	False	0.55	neither
ASV0127	-0.3522689111513123	-0.414262264596432	0.7742531697451641	False	-0.5319051988463961	0.5997565333020192	True	False	0.9666666666666667	neither
ASV0042	0.07582695455198968	-0.047704298556780156	0.976441614559603	False	0.2527619101307401	0.5997565333020192	False	False	0.6	neither
ASV0294	-0.13706608727254616	-0.16726796690950674	0.9815013363606555	False	-0.30776782244449896	0.6749865588352769	True	False	0.9666666666666667	neither
ASV0036	-0.1936873754421034	-0.15820305100259224	0.9767060333269929	False	-0.33783983773374393	0.6749865588352769	True	False	0.9333333333333333	neither
ASV0271	0.020293047107358443	-0.14482660093743016	0.9625896342996306	False	0.1849111665392403	0.6749865588352769	False	False	0.55	neither
ASV0287	-0.18209023747697684	-0.2614385894466842	0.9828531036699084	False	-0.3208652122432495	0.6749865588352769	True	False	1.0	neither
ASV0119	0.14865433829685698	0.04428295660476533	0.9717730750873567	False	0.35199943669331835	0.6749865588352769	True	False	0.9833333333333333	neither
ASV0052	0.2003823640265205	0.12227422942528055	0.9861092073468926	False	0.3370199329047773	0.6749865588352769	True	False	0.9666666666666667	neither
ASV0206	0.06606101909434232	0.11075612638728094	0.9586251901494444	False	0.24827896267947447	0.6749865588352769	True	False	0.5666666666666667	neither
ASV0003	0.21438559985604494	0.2786980367494962	0.9548278001014879	False	0.2727905494405754	0.6749865588352769	True	False	0.7833333333333333	neither
ASV0069	0.17134105083539394	0.44313893685835226	0.9678544411669225	False	0.2662250017178715	0.6999491358984731	True	False	0.8333333333333334	neither
ASV0295	-0.17523450809853908	-0.48865388283809863	0.9683681255404786	False	-0.25757225065340417	0.6999491358984731	True	False	0.9166666666666666	neither
ASV0227	0.0966018355339988	0.36416145660648813	0.9698754052599988	False	0.26488037557532984	0.9033201874591379	True	False	0.65	neither
ASV0222	0.0052193046453097545	-0.12190398844023598	0.9406121582746583	False	0.12555417877119138	0.9680995461751889	False	False	0.35	neither
ASV0284	-0.025853031546438945	0.18323728653832028	0.9868227257314686	False	-0.09437516171206134	0.971370324526798	True	False	0.9833333333333333	neither
ASV0285	0.043329137045881684	0.03455381294186344	0.9859723783210617	False	0.20512092261481435	0.971370324526798	True	False	0.9833333333333333	neither
ASV0288	0.06172201319377077	0.2691692964979353	0.9870241112389576	False	0.08783584427333058	0.971370324526798	True	False	0.9166666666666666	neither
ASV0289	-0.23384284685939388	-0.48272708591329283	0.9648716837949204	False	-0.20790726374813684	0.971370324526798	True	False	0.8166666666666667	neither
ASV0276	-0.1326244547807223	-0.031020583005312075	0.9812426278259688	False	-0.17658590553443987	0.971370324526798	True	False	0.9833333333333333	neither
ASV0291	-0.04992356814507637	-0.008680202200765041	0.985886936371309	False	-0.16933096251991814	0.971370324526798	True	False	1.0	neither
ASV0279	-0.0488377403437586	-0.1696858127833607	0.9875260763055882	False	-0.09398292556985888	0.971370324526798	False	False	0.9666666666666667	neither
ASV0281	-0.1933984453318634	-0.2874401807209579	0.940411587146876	False	-0.09320672360200649	0.971370324526798	True	False	0.65	neither
ASV0270	-0.3315880284081054	-0.4250555902855704	0.7176325438321081	False	-0.4505350840119463	0.971370324526798	True	False	0.8666666666666667	neither
ASV0282	-0.2464177544954244	-0.4479252290098825	0.8905866052788499	False	-0.13834600725776175	0.971370324526798	False	False	0.9333333333333333	neither
ASV0283	-0.05824664172033721	0.02209474820063595	0.9858619295466952	False	-0.08823878262201595	0.971370324526798	True	False	0.9666666666666667	neither
ASV0268	-0.0760768325536875	-0.17286536268384944	0.98453323407851	False	0.09781643130896045	0.971370324526798	False	False	0.6666666666666666	neither
ASV0273	-0.07107658475020184	-0.3256219328460983	0.9871603234124408	False	-0.09077089789821519	0.971370324526798	False	False	1.0	neither
ASV0269	-0.11654804269921369	-0.2841389668961438	0.9877887443102101	False	-0.09915266788623806	0.971370324526798	False	False	0.9833333333333333	neither
ASV0275	-0.0663442850228173	-0.018516954185212375	0.9846363338299806	False	-0.13629342178688808	0.971370324526798	True	False	0.95	neither
ASV0274	-0.1831742775085823	-0.14958436665670183	0.9603600847820654	False	-0.22340635183753577	0.971370324526798	True	False	0.9166666666666666	neither
ASV0032	-0.12424245308687759	-0.2168723341497052	0.96518766697021	False	-0.08502442610124117	0.971370324526798	False	False	0.7833333333333333	neither
ASV0031	-0.15577728230131252	-0.16393762623470698	0.9745149006016617	False	-0.11917293417553138	0.971370324526798	True	False	0.8833333333333333	neither
ASV0261	-0.26716587147362975	-0.2688107603278822	0.9794457498770625	False	-0.26844036692563555	0.971370324526798	True	False	1.0	neither
ASV0262	-0.04068709331472255	0.17047214319201465	0.986021881695155	False	-0.06563836365717263	0.971370324526798	True	False	0.9666666666666667	neither
ASV0263	-0.17398778837998882	-0.21009069554140236	0.9789303579008141	False	-0.23372225757458243	0.971370324526798	True	False	0.9333333333333333	neither
ASV0028	-0.022483232934738244	-0.0721380494253645	0.9874034634865979	False	0.050658257812431384	0.971370324526798	True	False	0.9	neither
ASV0267	0.008253278517213077	-0.36823672953972	0.988476749185844	False	0.12461294474652054	0.971370324526798	True	False	0.9833333333333333	neither
ASV0266	0.03644777303930356	0.09003734460896062	0.986332964107342	False	0.09709937764157309	0.971370324526798	True	False	0.7333333333333333	neither
ASV0033	0.015677257050064147	-0.14906146335129034	0.9873056763561326	False	0.08821509727706414	0.971370324526798	True	False	0.8166666666666667	neither
ASV0030	-0.08869823825008044	-0.1766248715164831	0.9736573714615903	False	0.144786359646876	0.971370324526798	False	False	0.45	neither
ASV0024	-0.12638230573900988	-0.009954689059154198	0.9862360406977522	False	-0.17192153115104802	0.971370324526798	False	False	0.9833333333333333	neither
ASV0023	-0.04018960053766877	-0.027101728751639298	0.9865729446809559	False	-0.0587595027836707	0.971370324526798	False	False	1.0	neither
ASV0021	-0.17383592531026762	-0.6017562936530558	0.9478898275301529	False	-0.17197593702169722	0.971370324526798	True	False	0.8	neither
ASV0020	-0.035948090056973636	-0.23883807531222656	0.9670230662248668	False	0.05313754753216188	0.971370324526798	False	False	0.45	neither
ASV0019	-0.08716487336000042	-0.2596669056553431	0.9589567646536122	False	0.06452150602514697	0.971370324526798	False	False	0.4666666666666667	neither
ASV0034	0.01843331992785098	-0.05772892403269192	0.9882165766224064	False	0.09655503917682079	0.971370324526798	True	False	1.0	neither
ASV0109	-0.2097215276540921	-0.2731046540645814	0.9194587994659837	False	-0.16209674781992356	0.971370324526798	True	False	0.7833333333333333	neither
ASV0117	-0.039456154778027344	-0.17419471449409718	0.9791322016872536	False	0.1180185351624431	0.971370324526798	False	False	0.7	neither
ASV0118	0.13830554976494938	0.6197905424376116	0.9878450606319996	False	0.15396052727727674	0.971370324526798	True	False	1.0	neither
ASV0010	-0.07915964131464989	-0.2544080006681195	0.9856662115363739	False	-0.1272525283811416	0.971370324526798	True	False	0.95	neither
ASV0123	0.039424929285708496	0.11682458247123528	0.9653062380927081	False	0.17004254970345978	0.971370324526798	True	False	0.35	neither
ASV0125	-0.055042669872953295	-0.12771001883897348	0.9885369566899013	False	0.09820410925264358	0.971370324526798	True	False	0.9833333333333333	neither
ASV0013	-0.005705206089000717	0.012208429205462057	0.971601925106611	False	0.08863305101689084	0.971370324526798	False	False	0.8666666666666667	neither
ASV0012	-0.14716828067599516	-0.3552641352847441	0.9861721598308452	False	-0.1107131178976753	0.971370324526798	True	False	0.9666666666666667	neither
ASV0017	-0.3501699350008678	-0.517492468549926	0.8247818510633608	False	-0.3259856915611863	0.971370324526798	True	False	0.9	neither
ASV0016	0.03061814856897452	0.07855059382919194	0.9802358800891522	False	0.2615908232869276	0.971370324526798	True	False	0.6333333333333333	neither
ASV0014	0.05231123823871149	-0.21946966186684413	0.9863401862877585	False	0.05919809475125837	0.971370324526798	True	False	0.75	neither
ASV0015	0.026645735472603984	-0.1739744241451	0.9869720471999774	False	0.16456938312795863	0.971370324526798	True	False	1.0	neither
ASV0004	0.02706044715169569	0.1973521381021266	0.9847369034177592	False	0.0890988855167461	0.971370324526798	False	False	0.8333333333333334	neither
ASV0008	-0.016508595877486473	-0.35562294638969205	0.9774157779070795	False	-0.060531399883517356	0.971370324526798	False	False	0.8666666666666667	neither
ASV0007	-0.19389601376956847	-0.2623183533775373	0.9879564467735399	False	-0.0687162362122517	0.971370324526798	False	False	1.0	neither
ASV0006	0.014473727110584016	-0.1567809550469934	0.9884696336753961	False	0.13268629324107112	0.971370324526798	True	False	1.0	neither
ASV0100	-0.15471392435939835	-0.2244258758531168	0.9674141839446738	False	-0.14982586399876024	0.971370324526798	True	False	0.9333333333333333	neither
ASV0114	0.11697052179844061	0.4133014684483902	0.9877509553200496	False	0.15724280687700107	0.971370324526798	False	False	0.95	neither
ASV0108	-0.21774821960855434	-0.21845408427430923	0.9713023855783116	False	-0.2289304756065108	0.971370324526798	True	False	1.0	neither
ASV0130	0.0881871061590099	0.15902359922251064	0.971560872910889	False	0.2505814836603427	0.971370324526798	True	False	0.75	neither
ASV0128	-0.010160609394779974	0.08561922667776689	0.9546789455307839	False	0.06923815810093684	0.971370324526798	False	False	0.4166666666666667	neither
ASV0068	0.052286055020104284	-0.0027536712416060816	0.9702648577067807	False	0.11968326607556351	0.971370324526798	True	False	0.5333333333333333	neither
ASV0089	-0.18036759940473082	-0.329333405195543	0.9837725387339502	False	-0.20119588185005033	0.971370324526798	True	False	1.0	neither
ASV0088	-0.2235340609473791	-0.18147481603729632	0.9833567053913578	False	-0.2851913413831981	0.971370324526798	True	False	0.9833333333333333	neither
ASV0095	0.060800631477096384	0.2755542507195978	0.9878088845919369	False	0.08086656657427957	0.971370324526798	False	False	0.9666666666666667	neither
ASV0097	-0.15393153564519774	-0.6449138778468289	0.9855179172418957	False	-0.20148369832833457	0.971370324526798	False	False	0.9666666666666667	neither
ASV0083	0.05061040090727848	0.26406757090674304	0.9872142110432308	False	0.12629874237730712	0.971370324526798	False	False	0.9333333333333333	neither
ASV0092	-0.16862645867432685	-0.2645996771300787	0.9384676377419005	False	-0.22665282496501893	0.971370324526798	True	False	0.8333333333333334	neither
ASV0106	-0.0769040334281387	-0.12727556523998862	0.9847151512147114	False	-0.16554478514937243	0.971370324526798	True	False	0.9666666666666667	neither
ASV0091	-0.2987447722137264	-0.5569177426963132	0.9836372157807889	False	-0.24796518208533103	0.971370324526798	True	False	1.0	neither
ASV0102	-0.166171621906204	-0.2687670544095706	0.9715575411915496	False	-0.19962083890842192	0.971370324526798	False	False	0.9833333333333333	neither
ASV0101	-0.05284492351841791	0.02031750807949062	0.981486798864146	False	0.1294192691619135	0.971370324526798	False	False	0.7333333333333333	neither
ASV0194	-0.28701768799850896	-0.3536176128514106	0.9325735975988089	False	-0.3098267943225069	0.971370324526798	True	False	1.0	neither
ASV0179	-0.06914244660454195	-0.2796126861186454	0.9818323453938013	False	-0.06711305122507555	0.971370324526798	False	False	0.9333333333333333	neither
ASV0192	0.12214792749294416	0.2256675604545033	0.9861006327601769	False	0.23692208960300382	0.971370324526798	True	False	1.0	neither
ASV0189	0.07152051274691235	8.814559477898776e-05	0.9830253679802542	False	0.19772752062335094	0.971370324526798	True	False	0.9166666666666666	neither
ASV0138	-0.03266615505166079	-0.11645682349909925	0.9873181824387487	False	0.06823449646697702	0.971370324526798	False	False	0.9166666666666666	neither
ASV0191	-0.08116846058105909	0.45459990539154904	0.9864503900529327	False	-0.09775278433394236	0.971370324526798	False	False	1.0	neither
ASV0190	-0.32597583021889476	-0.46761488466011736	0.8454098277504517	False	-0.157712154043202	0.971370324526798	False	False	0.5333333333333333	neither
ASV0131	-0.2094094830527049	-0.36465613865483326	0.9851740046156948	False	-0.21617621715325186	0.971370324526798	True	False	1.0	neither
ASV0136	0.06439027516006571	0.025723629547552695	0.9873929227962158	False	0.08249863419485423	0.971370324526798	True	False	0.95	neither
ASV0146	-0.11797931143305451	-0.0650502446021457	0.9845123086701095	False	-0.1624314169947617	0.971370324526798	True	False	1.0	neither
ASV0144	-0.14176797257060098	-0.35581336678203956	0.9771391408903543	False	-0.14714754730942403	0.971370324526798	True	False	0.7666666666666667	neither
ASV0080	0.004366039672566351	-0.08129923018920682	0.9876993836832828	False	0.1088849651473281	0.971370324526798	True	False	0.8833333333333333	neither
ASV0081	-0.1788326670977573	-0.4270195651262816	0.9840139997614605	False	-0.19697385698333686	0.971370324526798	True	False	0.9333333333333333	neither
ASV0076	-0.13870735977301452	-0.17200525808369993	0.9834280081231125	False	-0.07513300146190127	0.971370324526798	True	False	0.8833333333333333	neither
ASV0075	-0.08750822950431211	-0.3811636542633188	0.9864356655708982	False	-0.17118847016548977	0.971370324526798	True	False	1.0	neither
ASV0090	-0.251862162303569	-0.1792065822918656	0.7638127972280331	False	-0.27214172232834877	0.971370324526798	True	False	0.8833333333333333	neither
ASV0071	-0.2533609653079071	-0.6308502696479537	0.84135034162935	False	-0.10452049117194273	0.971370324526798	False	False	0.4166666666666667	neither
ASV0072	-0.11639298556415634	-0.09441199703676073	0.9874730412519948	False	0.107940017934918	0.971370324526798	False	False	0.9333333333333333	neither
ASV0073	-0.24319912387808795	-0.41539974266310353	0.9788807078184023	False	-0.1309647524119923	0.971370324526798	True	False	0.95	neither
ASV0070	0.19418908922355838	0.287175715264923	0.984826951255608	False	0.25375257561122067	0.971370324526798	True	False	0.9833333333333333	neither
ASV0155	-0.27604090394006486	-0.39460628556373023	0.9124047938765306	False	-0.3140326652136781	0.971370324526798	True	False	0.9333333333333333	neither
ASV0082	0.04540091576841208	0.13690268030728547	0.9875131663311787	False	0.13961004580490433	0.971370324526798	True	False	0.9833333333333333	neither
ASV0067	0.10097443878996398	0.15623127960318417	0.9883654866333512	False	0.13100730565381072	0.971370324526798	True	False	1.0	neither
ASV0145	-0.08154951793546866	-0.0586765411956367	0.9776116891459551	False	0.09749475611455508	0.971370324526798	False	False	0.5166666666666667	neither
ASV0139	-0.12934053920030247	-0.1948979434085103	0.9730288490336478	False	-0.07771344202579938	0.971370324526798	True	False	0.7	neither
ASV0142	-0.16561235523284945	-0.33934676032220445	0.9781935196964792	False	-0.11775716594947278	0.971370324526798	True	False	0.9833333333333333	neither
ASV0151	-0.23402143145209325	-0.5588836617068407	0.9737467185752605	False	-0.10019688320766462	0.971370324526798	True	False	0.9	neither
ASV0152	-0.03865380195859024	-0.14711070554546612	0.9849099581927162	False	0.1383740748705579	0.971370324526798	True	False	0.7833333333333333	neither
ASV0150	-0.29587682657955294	-0.7077981978978192	0.9338669389908906	False	-0.25541605912445686	0.971370324526798	True	False	0.9	neither
ASV0147	-0.051629566509125466	-0.1477594988213855	0.9852516249568659	False	-0.07243809406131052	0.971370324526798	False	False	0.9166666666666666	neither
ASV0161	0.10183594912067784	0.14301930276773311	0.9876455929908171	False	0.1478488136453648	0.971370324526798	False	False	0.9166666666666666	neither
ASV0156	-0.17780527907406057	-0.07254296564120333	0.9287796140772431	False	-0.06278894755231584	0.971370324526798	False	False	0.6166666666666667	neither
ASV0134	-0.18498780438133955	-0.11544883419832441	0.9855607516243899	False	-0.2543460221378727	0.971370324526798	True	False	1.0	neither
ASV0137	-0.13021619438031265	-0.1184686182179524	0.9828102260791866	False	-0.11848436389326167	0.971370324526798	True	False	0.8666666666666667	neither
ASV0143	-0.14527979495439153	-0.026772517750982106	0.9742686697238057	False	-0.15047837004319609	0.971370324526798	True	False	0.7166666666666667	neither
ASV0197	0.032555220597683523	0.026557971626117283	0.9884961502176047	False	0.0820264372515519	0.971370324526798	True	False	1.0	neither
ASV0201	-0.16695043380482497	-0.26747159587066904	0.9853346224804937	False	-0.14740591699676708	0.971370324526798	False	False	1.0	neither
ASV0253	-0.1301020222066882	-0.34386172460338793	0.983495948940628	False	-0.22721726114832053	0.971370324526798	True	False	0.9666666666666667	neither
ASV0252	-0.19136189610680052	-0.3280939434549066	0.985143931184213	False	-0.21967408882145056	0.971370324526798	True	False	1.0	neither
ASV0216	-0.16904970931105298	-0.2817487730251593	0.978444341113869	False	-0.1570639962216237	0.971370324526798	True	False	0.8166666666666667	neither
ASV0212	0.0007256124394247894	-0.02969833911553943	0.9808063812290758	False	0.12223689596538509	0.971370324526798	False	False	0.65	neither
ASV0214	-0.0700414052565865	-0.12054831479912531	0.9862836545868802	False	-0.11508213611288887	0.971370324526798	False	False	1.0	neither
ASV0226	-0.11839021296544938	-0.3269523357343178	0.9615989693966966	False	0.10983767458489085	0.971370324526798	False	False	0.6166666666666667	neither
ASV0225	-0.09231620210127915	0.2506307458925796	0.9846184659101994	False	-0.12206120089071604	0.971370324526798	True	False	0.9666666666666667	neither
ASV0221	0.0861374047060722	0.08923076266885199	0.9756749342396185	False	0.2715406630947004	0.971370324526798	False	False	0.6666666666666666	neither
ASV0215	-0.05767674768603244	0.05438953752419606	0.9861432321619639	False	-0.10088679914321758	0.971370324526798	False	False	0.9833333333333333	neither
ASV0217	0.09555774650143523	0.1608430088719628	0.9865450466771876	False	0.09531768933493265	0.971370324526798	True	False	0.8666666666666667	neither
ASV0203	-0.274389574064738	-0.4949826474317056	0.9870348294043986	False	-0.199363338721322	0.971370324526798	True	False	0.9666666666666667	neither
ASV0220	-0.13332893722447184	-0.253093454448462	0.9776958117079365	False	-0.12887596067852208	0.971370324526798	True	False	0.95	neither
ASV0219	-0.0005489719056312025	-0.1927454413320011	0.974581355756571	False	0.10778186321881367	0.971370324526798	False	False	0.5	neither
ASV0223	-0.12064676409014588	-0.012637964258471746	0.9871093646602614	False	-0.08149129660089538	0.971370324526798	False	False	1.0	neither
ASV0168	-0.00835744416088132	0.028409099256925696	0.9878342851812492	False	0.16225162954596553	0.971370324526798	True	False	0.9666666666666667	neither
ASV0163	-0.27829199670822863	-0.6915485650368889	0.8411602168578345	False	-0.20878089552773005	0.971370324526798	True	False	0.6666666666666666	neither
ASV0167	0.06708634366072116	0.15279197290544877	0.9891259870390777	False	0.11324111621922833	0.971370324526798	True	False	0.9833333333333333	neither
ASV0165	-0.0811092456679421	-0.09240741953425857	0.986635566481934	False	0.1386503085545162	0.971370324526798	False	False	0.8	neither
ASV0164	0.15516867811111845	0.05331361030929194	0.9839450164084089	False	0.2224417346372412	0.971370324526798	True	False	0.9	neither
ASV0176	0.03672994450810327	0.1341689354149429	0.990378628672953	False	0.05807019395328211	0.971370324526798	False	False	1.0	neither
ASV0177	-0.12162077745000137	-0.0677436683617354	0.9851135830460064	False	-0.0929303531591692	0.971370324526798	False	False	0.95	neither
ASV0178	-0.07157025661870983	-0.241988782839605	0.9824546587846498	False	-0.16255625454607409	0.971370324526798	True	False	0.9833333333333333	neither
ASV0174	-0.19626669247172918	-0.2458464789986976	0.9391764758156597	False	-0.08720348575600323	0.971370324526798	False	False	0.65	neither
ASV0171	-0.13239002581920073	-0.05556249531704771	0.9857355769349813	False	-0.2300312332710347	0.971370324526798	True	False	1.0	neither
ASV0173	-0.059321951044458435	-0.2074764162680387	0.9874800116973849	False	-0.05806403155400974	0.971370324526798	False	False	0.95	neither
ASV0185	-0.17601815419906588	-0.24653312244638648	0.986561538942949	False	-0.19719241096148044	0.971370324526798	False	False	0.9333333333333333	neither
ASV0182	-0.23594266269089736	-0.36081583821550556	0.9769469246659163	False	-0.23032613676147995	0.971370324526798	True	False	1.0	neither
ASV0298	-0.12945529130653355	-0.3130550941943846	0.9858685229371736	False	-0.1902331779848404	0.971370324526798	False	False	0.8833333333333333	neither
ASV0001	-0.22205306031510025	-0.43162649625960725	0.9876782106118824	False	-0.11914780238660116	0.971370324526798	False	False	0.9666666666666667	neither
ASV0297	-0.1971614606622006	-0.24989018546038322	0.9762709661961698	False	-0.1248241886599214	0.971370324526798	True	False	0.95	neither
ASV0296	-0.07087852314072277	0.14489970747017078	0.9841075894050525	False	-0.11202031579185068	0.971370324526798	True	False	0.95	neither
ASV0299	0.1372213433101942	0.3210410238052872	0.9859629433109979	False	0.26121731335527226	0.971370324526798	True	False	0.95	neither
ASV0050	-0.15378310153893354	-0.4852800441974363	0.9840198534407057	False	-0.2890960840037826	0.971370324526798	True	False	1.0	neither
ASV0038	-0.07150287767972663	-0.20118550856226136	0.9762515163779231	False	0.07142627969073911	0.971370324526798	False	False	0.7833333333333333	neither
ASV0293	-0.208514040955857	-0.5562826540337216	0.9855357483736374	False	-0.23571742039295662	0.971370324526798	True	False	1.0	neither
ASV0000	-0.2417797504680006	-0.4927778537841099	0.9784960325108735	False	-0.18546054552947872	0.971370324526798	True	False	0.95	neither
ASV0044	-0.177685848891515	-0.2702178963411659	0.9860417747266745	False	-0.14537839569873856	0.971370324526798	False	False	1.0	neither
ASV0046	-0.08370256911661902	0.04139128664521219	0.9862469769079839	False	-0.11650729136472437	0.971370324526798	False	False	1.0	neither
ASV0254	-0.15308827958439386	-0.23556221366458718	0.9634248916950652	False	-0.052112863157327105	0.971370324526798	False	False	0.6833333333333333	neither
ASV0258	-0.12860057306723519	-0.05432532920759492	0.9768164070730697	False	-0.12502436946661988	0.971370324526798	True	False	0.85	neither
ASV0246	-0.25289662968807697	-0.1899627581072607	0.967780552287775	False	-0.19390976541379396	0.971370324526798	True	False	0.9833333333333333	neither
ASV0245	-0.039653314149993804	-0.22523051458976928	0.9876589686029565	False	-0.07910489616181271	0.971370324526798	False	False	1.0	neither
ASV0259	0.06112355793581116	0.1379862590800549	0.9875295140817502	False	0.13546687787127187	0.971370324526798	True	False	0.9	neither
ASV0228	-0.0663787430453506	0.04539055300523365	0.972057150070724	False	-0.15915153523500702	0.971370324526798	True	False	0.7833333333333333	neither
ASV0236	-0.17377896214152888	0.23823596769650823	0.9865917661205797	False	-0.07622504783168121	0.971370324526798	False	False	1.0	neither
ASV0047	-0.14408435558238214	-0.1930428067017882	0.9857320897234219	False	-0.12364556718284458	0.971370324526798	False	False	0.9	neither
ASV0048	-0.17540818639731814	-0.3738390949510062	0.9670663816989117	False	-0.10494353721514244	0.971370324526798	True	False	0.8333333333333334	neither
ASV0035	-0.00363141008820091	0.06684205661078946	0.9838406693756432	False	0.09288799159615133	0.971370324526798	False	False	0.8	neither
ASV0055	0.2354952422410843	0.45392090257612416	0.9857822510739006	False	0.24754328778259127	0.971370324526798	True	False	1.0	neither
ASV0043	-0.15074495174510424	-0.3455130178285939	0.9863481656629336	False	-0.12058287355189445	0.971370324526798	True	False	0.9	neither
ASV0058	-0.11491447322090155	-0.2928785682284303	0.9879392047779201	False	-0.06877296555185775	0.971370324526798	False	False	1.0	neither
ASV0054	-0.1360114612768687	-0.09081912898283195	0.9840197571996764	False	-0.12396219161838906	0.971370324526798	True	False	0.9	neither
ASV0053	-0.06130183435871093	-0.11988969777285341	0.9851877400113496	False	-0.1883352240338408	0.971370324526798	True	False	0.9833333333333333	neither
ASV0057	-0.19740581473100793	-0.46062035827109526	0.985247774616371	False	-0.2177138452067462	0.971370324526798	True	False	1.0	neither
ASV0065	-0.17654355551707626	-0.22608982122800225	0.9797994491992845	False	-0.13080867767931292	0.971370324526798	True	False	0.9333333333333333	neither
ASV0062	-0.2191533501588137	-0.3164730540734326	0.9874480094331871	False	-0.08437626411253019	0.971370324526798	True	False	0.95	neither
ASV0199	-0.13751429459194053	-0.16864942194368981	0.9868311101252937	False	-0.07924506259026604	0.971370324526798	False	False	1.0	neither
ASV0200	-0.04043446215255838	-0.07723107486619796	0.9755807127157845	False	0.12817292285462822	0.971370324526798	False	False	0.5333333333333333	neither
ASV0195	-0.16743716750710264	-0.2214030681415653	0.9858952094685515	False	-0.24436200539469477	0.971370324526798	False	False	0.9666666666666667	neither
ASV0230	-0.19504732708431255	-0.6137325204550834	0.984634980756955	False	-0.15698951725543092	0.971370324526798	True	False	0.9666666666666667	neither
ASV0231	-0.03404904657843812	-0.33234622035969164	0.9803942154706508	False	0.05190504918919642	0.971370324526798	False	False	0.5833333333333334	neither
ASV0241	-0.3064462117476793	-0.13821629823811588	0.9810449053572121	False	-0.3293970586002799	0.971370324526798	True	False	1.0	neither
ASV0247	-0.09491097459981346	0.06782780957840862	0.9635052965762859	False	0.11021451184461112	0.971370324526798	False	False	0.25	neither
ASV0235	-0.05807132251148879	-0.11344093293937041	0.9566479608424703	False	0.11757151308339461	0.971370324526798	False	False	0.5333333333333333	neither
ASV0248	-0.25256149601962163	-0.3760750137987474	0.9673059876811101	False	-0.23671468278757668	0.971370324526798	True	False	0.95	neither
ASV0239	-0.11437697089473789	-0.397320286261031	0.9476938815211599	False	0.07882756051599624	0.971370324526798	False	False	0.45	neither
ASV0202	-0.007416995091920316	-0.15602479572411898	0.9874838365816438	False	-0.06656560741124945	0.971370324526798	False	False	1.0	neither
ASV0255	-0.09399299382234266	0.006590552470601141	0.9760199140552769	False	0.04499077577500671	0.971370324526798	False	False	0.65	neither
ASV0256	-0.10652802501969616	-0.1664573802705509	0.9867969359816096	False	-0.10929618574717814	0.971370324526798	False	False	1.0	neither
ASV0257	-0.05979161894244694	0.1734905367848456	0.9886084960066944	False	0.048449395502565884	0.971370324526798	True	False	1.0	neither
ASV0233	-0.2529670592870966	-0.46103284734630146	0.9821743247351749	False	-0.22714343285673233	0.971370324526798	True	False	0.9166666666666666	neither
ASV0059	-0.010703777788414803	-0.2751299605929498	0.9847206541352845	False	0.08865962783887044	0.971370324526798	True	False	0.8166666666666667	neither
ASV0060	0.08187919629856821	0.16955729895452687	0.9877149682856139	False	0.05422459491861539	0.971370324526798	False	False	0.95	neither
ASV0086	0.20153381773208645	0.5257254330703975	0.9876328342963511	False	0.09111885223683816	0.9729592183534304	False	False	0.95	neither
ASV0066	-0.1120053516864907	-0.11809403203564672	0.9892803198298588	False	0.04915503327491533	0.9729592183534304	False	False	0.9833333333333333	neither
ASV0141	-0.1863491374436273	-0.26416868308849306	0.9835538903347657	False	-0.08866821455289009	0.9729592183534304	False	False	0.8666666666666667	neither
ASV0084	0.04828516416995656	0.1356960402562455	0.9869599611537642	False	0.07463164143184889	0.9729592183534304	False	False	0.9333333333333333	neither
ASV0079	0.022529661576518947	-0.015231627787424706	0.9877005660419118	False	0.09221616176241168	0.9729592183534304	False	False	1.0	neither
ASV0093	-0.21660033588473726	-0.40922462058414766	0.9868232177393099	False	-0.0867894164115256	0.977609742814909	False	False	1.0	neither
ASV0187	0.0864475771755509	0.23881078471140582	0.9897071588633627	False	0.03143225907398328	0.9811637116763441	False	False	1.0	neither
ASV0260	-0.15412578142194033	-0.30229074531968414	0.9864024574840707	False	-0.038840714117730324	0.9811637116763441	True	False	0.85	neither
ASV0265	0.006555588932632778	0.10599924966468222	0.9887145303535912	False	0.03876633707775978	0.9811637116763441	True	False	0.9833333333333333	neither
ASV0113	0.014625363111781291	-0.023007761658242254	0.9874327167534063	False	0.043405027593174716	0.9811637116763441	False	False	0.9833333333333333	neither
ASV0204	-0.04451013701468286	0.08069277712021372	0.9875582352190897	False	-0.04873929652688652	0.9811637116763441	False	False	1.0	neither
ASV0169	-0.030460454222165097	0.12362112534326664	0.9883335500425385	False	0.040207275168843426	0.9811637116763441	False	False	0.9666666666666667	neither
ASV0077	-0.04973536885151233	0.06920842929725834	0.9850061445822357	False	-0.03410004785296028	0.9811637116763441	False	False	0.9333333333333333	neither
ASV0135	-0.06325081083979849	-0.31391132441375125	0.9877033205547022	False	-0.04483950764469913	0.9844360581603216	False	False	1.0	neither
ASV0211	0.007106637520398393	-0.06317519659150084	0.9885071760929502	False	0.04158878848899189	0.9844360581603216	False	False	0.9833333333333333	neither
ASV0039	-0.17443441992073833	-0.22628164643631532	0.9820680593650755	False	-0.061474730761416296	0.988874016347698	False	False	0.8666666666666667	neither
ASV0022	-0.06090416854034992	-0.23411389632746338	0.9657139773380379	False	0.024537557559261902	0.994440111075965	False	False	0.6666666666666666	neither
ASV0011	-0.09035323953319949	-0.24416686036107982	0.9870718662543669	False	-0.02745538119087243	0.994440111075965	False	False	0.9	neither
ASV0170	-0.06300405522906996	0.010723675122547904	0.9823967906273415	False	-0.023940896881037732	0.994440111075965	False	False	0.7333333333333333	neither
ASV0172	-0.1480803825682049	-0.36081141358275115	0.9855067861838088	False	0.019966429138041364	0.994440111075965	True	False	0.9	neither
ASV0184	-0.09526747193601079	-0.11447538912598665	0.9847544308581411	False	-0.037719504096830836	0.994440111075965	False	False	0.9166666666666666	neither
ASV0051	-0.17184566932171252	-0.35243362046015414	0.9177985155715747	False	-0.020490740798396745	0.994440111075965	False	False	0.65	neither
ASV0208	0.008922548859257418	0.016688335264424925	0.9891992440453486	False	-0.034882996606845684	0.994440111075965	False	False	1.0	neither
ASV0133	-0.13622023796736257	-0.45412641191467795	0.8943362783078332	False	-0.017096460828757376	0.994440111075965	False	False	0.5166666666666667	neither
ASV0181	0.014697678011174244	0.07933986376449531	0.9858868410229551	False	0.01973488914897059	0.994440111075965	False	False	0.8666666666666667	neither
ASV0180	-0.13573730850748378	-0.11802380587424333	0.9800067684827776	False	-0.01207614920086425	0.994440111075965	False	False	0.7666666666666667	neither
ASV0085	-0.1987822938171952	-0.4511332142914999	0.9033143034216363	False	-0.016758048446623208	0.994440111075965	False	False	0.5333333333333333	neither
ASV0103	0.04145441838129188	0.17100947667710997	0.9878123894493959	False	-0.02685796848789368	0.994440111075965	False	False	1.0	neither
ASV0280	0.009082329711740413	0.017410717741682458	0.9866826667591714	False	-0.028748778664308583	0.994440111075965	False	False	0.9666666666666667	neither
ASV0027	0.00701395857662283	0.1775100047713427	0.9867136838266859	False	-0.021981047156552136	0.994440111075965	False	False	0.8333333333333334	neither
ASV0129	-0.07210201893805389	-0.08974002510668111	0.9876075346617441	False	-0.016665525689319338	0.994440111075965	False	False	0.9833333333333333	neither
ASV0148	-0.017276266785026133	-0.01063122149373652	0.9886197942637672	False	0.014572468410487593	0.994440111075965	False	False	0.9666666666666667	neither
ASV0105	-0.10810902804880843	-0.25681256932963015	0.9677890621955072	False	0.026146556867566728	0.994440111075965	False	False	0.6166666666666667	neither
ASV0078	0.009073257449003426	0.04041718210158307	0.9878857895769069	False	0.020169050177897496	0.994440111075965	False	False	0.9833333333333333	neither
ASV0061	0.019863862325727913	0.05782714017489976	0.987127506913376	False	0.02731198877103841	0.994440111075965	True	False	0.8833333333333333	neither
ASV0251	0.012802906856731643	0.1186712353007402	0.9869143905367554	False	0.014878374962181362	0.994440111075965	True	False	0.9333333333333333	neither
ASV0218	-0.11896150113586428	-0.2872074763002468	0.9717012881029862	False	0.03431662344980302	0.994440111075965	False	False	0.65	neither
ASV0243	-0.004813027307465278	0.019397576756083	0.9877967150601189	False	-0.02879294074460903	0.994440111075965	False	False	1.0	neither
ASV0286	-0.10394019213421632	-0.3112621599550196	0.9872725686027765	False	0.009522599337859372	0.9948221407745447	True	False	0.9333333333333333	neither
ASV0232	-0.04561523765201521	-0.07100292522071427	0.9876594949577319	False	0.013677828743416554	0.9948221407745447	True	False	0.9666666666666667	neither
ASV0025	-0.07048698303399181	-0.1831693205342999	0.9872465369225991	False	-0.010051068542070885	0.9948221407745447	False	False	0.95	neither
ASV0162	-0.06522726687943882	-0.2551987575446033	0.9885765837698304	False	-0.010945282972972536	0.9948221407745447	False	False	1.0	neither
ASV0002	-0.03827142577868285	-0.04506497059013492	0.9824665299070918	False	0.004991686431829179	0.9948221407745447	False	False	0.8666666666666667	neither
ASV0234	-0.006902759222555627	-0.07999058768043321	0.9916516867117309	False	0.01350050466415098	0.9948221407745447	False	False	1.0	neither
ASV0207	-0.1316298766468954	-0.2599165923298814	0.9585331563386361	False	0.0042500930103899215	0.9948221407745447	False	False	0.48333333333333334	neither
ASV0229	-0.017162253668546117	0.10099894640822837	0.9807637538306536	False	0.005124617867410586	0.9948221407745447	False	False	0.7833333333333333	neither
ASV0045	-0.14863412218263478	-0.35494803541665987	0.9201690891286745	False	-0.002128003866174677	0.9948221407745447	False	False	0.5666666666666667	neither
ASV0063	-0.1727157283104365	-0.22329963495605054	0.8830781731911648	False	-0.00414351957008291	0.9948221407745447	False	False	0.6166666666666667	neither
ASV0153	-0.0977219201008941	-0.04472661112328913	0.9869328814025689	False	-0.0026252020257825914	0.9954439398801149	False	False	1.0	neither
ASV0183	-0.08678207665450949	-0.14416054059779881	0.9828565030075448	False	0.001986124334401207	0.9966417204830377	False	False	0.8166666666666667	neither
ASV0264	-0.14657407739756595	-0.3356374394333608	0.9780375079221175	False	-0.001042520537314351	0.9970295357995104	False	False	0.7666666666666667	neither
