	p_prev	p_freq	score	prev_in_controls	contaminant
CONTAM011	0.6111173772464096	2.515592147195479e-06	2.2115098390985152e-05	1.0	True
CONTAM007	0.017864649012189995	0.00014283518075457037	3.541441307471626e-05	1.0	True
CONTAM004	1.0	2.5993843135942938e-06	3.602807989410079e-05	1.0	True
CONTAM003	0.676594239094239	4.980511300097581e-06	4.58313086893225e-05	1.0	True
CONTAM005	0.3406520766383273	1.2781554406106711e-05	5.8102363829891304e-05	0.8333333333333334	True
CONTAM010	1.0	4.494371655606184e-06	5.9832152718258266e-05	1.0	True
CONTAM000	0.676594239094239	1.4166591817753517e-05	0.00012034305530979014	1.0	True
CONTAM002	0.8251748251748252	1.2677216496001183e-05	0.0001304253283540654	1.0	True
CONTAM009	1.0	1.4447884518699045e-05	0.00017546901646719952	1.0	True
CONTAM001	0.5510074712877464	3.030352662902413e-05	0.00020037386562278653	1.0	True
CONTAM006	0.2824363412015448	0.0002797571834205682	0.0008253673747167475	0.8333333333333334	True
CONTAM008	0.3965952080706179	0.00402706524338501	0.011881825694650284	0.6666666666666666	True
ASV0031	1.0	0.3531420904672098	0.7207223177776474	0.0	False
ASV0029	1.0	0.3870244969937676	0.7544141917336988	0.0	False
ASV0288	1.0	0.3918450957290378	0.758960330719353	0.0	False
ASV0239	1.0	0.3968519199386431	0.7636193155289529	0.0	False
ASV0094	1.0	0.4105858013926552	0.7760771100336911	0.0	False
ASV0034	1.0	0.4185037207024264	0.7830495468254522	0.0	False
ASV0292	1.0	0.43255281916894445	0.7950540703775557	0.0	False
ASV0041	1.0	0.44593005609107633	0.8060601210874095	0.0	False
ASV0252	1.0	0.44973762982952586	0.8091188821959614	0.0	False
ASV0209	1.0	0.46000459220133344	0.8172068091231588	0.0	False
ASV0074	1.0	0.4630380220992272	0.8195523446552111	0.0	False
ASV0121	1.0	0.46527255490378594	0.8212674314278772	0.0	False
ASV0122	1.0	0.4707554738268852	0.8254304075659031	0.0	False
ASV0165	1.0	0.4782498576685045	0.831017459007177	0.0	False
ASV0154	1.0	0.48646401155151736	0.8370062589140862	0.0	False
ASV0116	1.0	0.4909624271720202	0.8402270478239653	0.0	False
ASV0087	1.0	0.49752170559159925	0.8448496153820979	0.0	False
ASV0293	1.0	1.0	1.0	0.0	False
ASV0294	1.0	1.0	1.0	0.0	False
ASV0295	1.0	1.0	1.0	0.0	False
ASV0296	1.0	1.0	1.0	0.0	False
ASV0297	1.0	1.0	1.0	0.0	False
ASV0298	1.0	1.0	1.0	0.0	False
ASV0299	1.0	1.0	1.0	0.0	False
ASV0284	1.0	1.0	1.0	0.0	False
ASV0285	1.0	1.0	1.0	0.0	False
ASV0286	1.0	1.0	1.0	0.0	False
ASV0287	1.0	1.0	1.0	0.0	False
ASV0289	1.0	1.0	1.0	0.0	False
ASV0290	1.0	1.0	1.0	0.0	False
ASV0291	1.0	1.0	1.0	0.0	False
ASV0276	1.0	1.0	1.0	0.0	False
ASV0277	1.0	1.0	1.0	0.0	False
ASV0278	1.0	1.0	1.0	0.0	False
ASV0279	1.0	1.0	1.0	0.0	False
ASV0280	1.0	1.0	1.0	0.0	False
ASV0281	1.0	1.0	1.0	0.0	False
ASV0282	1.0	1.0	1.0	0.0	False
ASV0283	1.0	1.0	1.0	0.0	False
ASV0268	1.0	1.0	1.0	0.0	False
ASV0269	1.0	1.0	1.0	0.0	False
ASV0270	1.0	1.0	1.0	0.0	False
ASV0271	1.0	1.0	1.0	0.0	False
ASV0272	1.0	1.0	1.0	0.0	False
ASV0273	1.0	1.0	1.0	0.0	False
ASV0274	1.0	1.0	1.0	0.0	False
ASV0275	1.0	1.0	1.0	0.0	False
ASV0036	1.0	1.0	1.0	0.0	False
ASV0037	1.0	1.0	1.0	0.0	False
ASV0038	1.0	1.0	1.0	0.0	False
ASV0039	1.0	1.0	1.0	0.0	False
ASV0040	1.0	1.0	1.0	0.0	False
ASV0042	1.0	1.0	1.0	0.0	False
ASV0043	1.0	1.0	1.0	0.0	False
ASV0028	1.0	1.0	1.0	0.0	False
ASV0030	1.0	1.0	1.0	0.0	False
ASV0032	1.0	1.0	1.0	0.0	False
ASV0033	1.0	1.0	1.0	0.0	False
ASV0035	1.0	1.0	1.0	0.0	False
ASV0020	1.0	1.0	1.0	0.0	False
ASV0021	1.0	1.0	1.0	0.0	False
ASV0022	1.0	1.0	1.0	0.0	False
ASV0023	1.0	1.0	1.0	0.0	False
ASV0024	1.0	1.0	1.0	0.0	False
ASV0025	1.0	1.0	1.0	0.0	False
ASV0026	1.0	1.0	1.0	0.0	False
ASV0027	1.0	1.0	1.0	0.0	False
ASV0012	1.0	1.0	1.0	0.0	False
ASV0013	1.0	1.0	1.0	0.0	False
ASV0014	1.0	1.0	1.0	0.0	False
ASV0015	1.0	1.0	1.0	0.0	False
ASV0016	1.0	1.0	1.0	0.0	False
ASV0017	1.0	1.0	1.0	0.0	False
ASV0018	1.0	1.0	1.0	0.0	False
ASV0019	1.0	1.0	1.0	0.0	False
ASV0100	1.0	1.0	1.0	0.0	False
ASV0101	1.0	1.0	1.0	0.0	False
ASV0102	1.0	1.0	1.0	0.0	False
ASV0103	1.0	1.0	1.0	0.0	False
ASV0104	1.0	1.0	1.0	0.0	False
ASV0105	1.0	1.0	1.0	0.0	False
ASV0106	1.0	1.0	1.0	0.0	False
ASV0107	1.0	1.0	1.0	0.0	False
ASV0092	1.0	1.0	1.0	0.0	False
ASV0093	1.0	1.0	1.0	0.0	False
ASV0095	1.0	1.0	1.0	0.0	False
ASV0096	1.0	1.0	1.0	0.0	False
ASV0097	1.0	1.0	1.0	0.0	False
ASV0098	1.0	1.0	1.0	0.0	False
ASV0099	1.0	1.0	1.0	0.0	False
ASV0084	1.0	1.0	1.0	0.0	False
ASV0085	1.0	1.0	1.0	0.0	False
ASV0086	1.0	1.0	1.0	0.0	False
ASV0088	1.0	1.0	1.0	0.0	False
ASV0089	1.0	1.0	1.0	0.0	False
ASV0090	1.0	1.0	1.0	0.0	False
ASV0091	1.0	1.0	1.0	0.0	False
ASV0076	1.0	1.0	1.0	0.0	False
ASV0077	1.0	1.0	1.0	0.0	False
ASV0078	1.0	1.0	1.0	0.0	False
ASV0079	1.0	1.0	1.0	0.0	False
ASV0080	1.0	1.0	1.0	0.0	False
ASV0081	1.0	1.0	1.0	0.0	False
ASV0082	1.0	1.0	1.0	0.0	False
ASV0083	1.0	1.0	1.0	0.0	False
ASV0132	1.0	1.0	1.0	0.0	False
ASV0133	1.0	1.0	1.0	0.0	False
ASV0134	1.0	1.0	1.0	0.0	False
ASV0135	1.0	1.0	1.0	0.0	False
ASV0136	1.0	1.0	1.0	0.0	False
ASV0137	1.0	1.0	1.0	0.0	False
ASV0138	1.0	1.0	1.0	0.0	False
ASV0139	1.0	1.0	1.0	0.0	False
ASV0124	1.0	1.0	1.0	0.0	False
ASV0125	1.0	1.0	1.0	0.0	False
ASV0126	1.0	1.0	1.0	0.0	False
ASV0127	1.0	1.0	1.0	0.0	False
ASV0128	1.0	1.0	1.0	0.0	False
ASV0129	1.0	1.0	1.0	0.0	False
ASV0130	1.0	1.0	1.0	0.0	False
ASV0131	1.0	1.0	1.0	0.0	False
ASV0117	1.0	1.0	1.0	0.0	False
ASV0118	1.0	1.0	1.0	0.0	False
ASV0119	1.0	1.0	1.0	0.0	False
ASV0120	1.0	1.0	1.0	0.0	False
ASV0123	1.0	1.0	1.0	0.0	False
ASV0108	1.0	1.0	1.0	0.0	False
ASV0109	1.0	1.0	1.0	0.0	False
ASV0110	1.0	1.0	1.0	0.0	False
ASV0111	1.0	1.0	1.0	0.0	False
ASV0112	1.0	1.0	1.0	0.0	False
ASV0113	1.0	1.0	1.0	0.0	False
ASV0114	1.0	1.0	1.0	0.0	False
ASV0115	1.0	1.0	1.0	0.0	False
ASV0164	1.0	1.0	1.0	0.0	False
ASV0166	1.0	1.0	1.0	0.0	False
ASV0167	1.0	1.0	1.0	0.0	False
ASV0168	1.0	1.0	1.0	0.0	False
ASV0169	1.0	1.0	1.0	0.0	False
ASV0170	1.0	1.0	1.0	0.0	False
ASV0171	1.0	1.0	1.0	0.0	False
ASV0156	1.0	1.0	1.0	0.0	False
ASV0157	1.0	1.0	1.0	0.0	False
ASV0158	1.0	1.0	1.0	0.0	False
ASV0159	1.0	1.0	1.0	0.0	False
ASV0160	1.0	1.0	1.0	0.0	False
ASV0161	1.0	1.0	1.0	0.0	False
ASV0162	1.0	1.0	1.0	0.0	False
ASV0163	1.0	1.0	1.0	0.0	False
ASV0148	1.0	1.0	1.0	0.0	False
ASV0149	1.0	1.0	1.0	0.0	False
ASV0150	1.0	1.0	1.0	0.0	False
ASV0151	1.0	1.0	1.0	0.0	False
ASV0152	1.0	1.0	1.0	0.0	False
ASV0153	1.0	1.0	1.0	0.0	False
ASV0155	1.0	1.0	1.0	0.0	False
ASV0140	1.0	1.0	1.0	0.0	False
ASV0141	1.0	1.0	1.0	0.0	False
ASV0142	1.0	1.0	1.0	0.0	False
ASV0143	1.0	1.0	1.0	0.0	False
ASV0144	1.0	1.0	1.0	0.0	False
ASV0145	1.0	1.0	1.0	0.0	False
ASV0146	1.0	1.0	1.0	0.0	False
ASV0147	1.0	1.0	1.0	0.0	False
ASV0196	1.0	1.0	1.0	0.0	False
ASV0197	1.0	1.0	1.0	0.0	False
ASV0198	1.0	1.0	1.0	0.0	False
ASV0199	1.0	1.0	1.0	0.0	False
ASV0200	1.0	1.0	1.0	0.0	False
ASV0201	1.0	1.0	1.0	0.0	False
ASV0202	1.0	1.0	1.0	0.0	False
ASV0203	1.0	1.0	1.0	0.0	False
ASV0188	1.0	1.0	1.0	0.0	False
ASV0189	1.0	1.0	1.0	0.0	False
ASV0190	1.0	1.0	1.0	0.0	False
ASV0191	1.0	1.0	1.0	0.0	False
ASV0192	1.0	1.0	1.0	0.0	False
ASV0193	1.0	1.0	1.0	0.0	False
ASV0194	1.0	1.0	1.0	0.0	False
ASV0195	1.0	1.0	1.0	0.0	False
ASV0180	1.0	1.0	1.0	0.0	False
ASV0181	1.0	1.0	1.0	0.0	False
ASV0182	1.0	1.0	1.0	0.0	False
ASV0183	1.0	1.0	1.0	0.0	False
ASV0184	1.0	1.0	1.0	0.0	False
ASV0185	1.0	1.0	1.0	0.0	False
ASV0186	1.0	1.0	1.0	0.0	False
ASV0187	1.0	1.0	1.0	0.0	False
ASV0172	1.0	1.0	1.0	0.0	False
ASV0173	1.0	1.0	1.0	0.0	False
ASV0174	1.0	1.0	1.0	0.0	False
ASV0175	1.0	1.0	1.0	0.0	False
ASV0176	1.0	1.0	1.0	0.0	False
ASV0177	1.0	1.0	1.0	0.0	False
ASV0178	1.0	1.0	1.0	0.0	False
ASV0179	1.0	1.0	1.0	0.0	False
ASV0228	1.0	1.0	1.0	0.0	False
ASV0229	1.0	1.0	1.0	0.0	False
ASV0230	1.0	1.0	1.0	0.0	False
ASV0231	1.0	1.0	1.0	0.0	False
ASV0232	1.0	1.0	1.0	0.0	False
ASV0233	1.0	1.0	1.0	0.0	False
ASV0234	1.0	1.0	1.0	0.0	False
ASV0235	1.0	1.0	1.0	0.0	False
ASV0220	1.0	1.0	1.0	0.0	False
ASV0221	1.0	1.0	1.0	0.0	False
ASV0222	1.0	1.0	1.0	0.0	False
ASV0223	1.0	1.0	1.0	0.0	False
ASV0224	1.0	1.0	1.0	0.0	False
ASV0225	1.0	1.0	1.0	0.0	False
ASV0226	1.0	1.0	1.0	0.0	False
ASV0227	1.0	1.0	1.0	0.0	False
ASV0212	1.0	1.0	1.0	0.0	False
ASV0213	1.0	1.0	1.0	0.0	False
ASV0214	1.0	1.0	1.0	0.0	False
ASV0215	1.0	1.0	1.0	0.0	False
ASV0216	1.0	1.0	1.0	0.0	False
ASV0217	1.0	1.0	1.0	0.0	False
ASV0218	1.0	1.0	1.0	0.0	False
ASV0219	1.0	1.0	1.0	0.0	False
ASV0204	1.0	1.0	1.0	0.0	False
ASV0205	1.0	1.0	1.0	0.0	False
ASV0206	1.0	1.0	1.0	0.0	False
ASV0207	1.0	1.0	1.0	0.0	False
ASV0208	1.0	1.0	1.0	0.0	False
ASV0210	1.0	1.0	1.0	0.0	False
ASV0211	1.0	1.0	1.0	0.0	False
ASV0260	1.0	1.0	1.0	0.0	False
ASV0261	1.0	1.0	1.0	0.0	False
ASV0262	1.0	1.0	1.0	0.0	False
ASV0263	1.0	1.0	1.0	0.0	False
ASV0264	1.0	1.0	1.0	0.0	False
ASV0265	1.0	1.0	1.0	0.0	False
ASV0266	1.0	1.0	1.0	0.0	False
ASV0267	1.0	1.0	1.0	0.0	False
ASV0253	1.0	1.0	1.0	0.0	False
ASV0254	1.0	1.0	1.0	0.0	False
ASV0255	1.0	1.0	1.0	0.0	False
ASV0256	1.0	1.0	1.0	0.0	False
ASV0257	1.0	1.0	1.0	0.0	False
ASV0258	1.0	1.0	1.0	0.0	False
ASV0259	1.0	1.0	1.0	0.0	False
ASV0244	1.0	1.0	1.0	0.0	False
ASV0245	1.0	1.0	1.0	0.0	False
ASV0246	1.0	1.0	1.0	0.0	False
ASV0247	1.0	1.0	1.0	0.0	False
ASV0248	1.0	1.0	1.0	0.0	False
ASV0249	1.0	1.0	1.0	0.0	False
ASV0250	1.0	1.0	1.0	0.0	False
ASV0251	1.0	1.0	1.0	0.0	False
ASV0236	1.0	1.0	1.0	0.0	False
ASV0237	1.0	1.0	1.0	0.0	False
ASV0238	1.0	1.0	1.0	0.0	False
ASV0240	1.0	1.0	1.0	0.0	False
ASV0241	1.0	1.0	1.0	0.0	False
ASV0242	1.0	1.0	1.0	0.0	False
ASV0243	1.0	1.0	1.0	0.0	False
ASV0068	1.0	1.0	1.0	0.0	False
ASV0069	1.0	1.0	1.0	0.0	False
ASV0070	1.0	1.0	1.0	0.0	False
ASV0071	1.0	1.0	1.0	0.0	False
ASV0072	1.0	1.0	1.0	0.0	False
ASV0073	1.0	1.0	1.0	0.0	False
ASV0075	1.0	1.0	1.0	0.0	False
ASV0060	1.0	1.0	1.0	0.0	False
ASV0061	1.0	1.0	1.0	0.0	False
ASV0062	1.0	1.0	1.0	0.0	False
ASV0063	1.0	1.0	1.0	0.0	False
ASV0064	1.0	1.0	1.0	0.0	False
ASV0065	1.0	1.0	1.0	0.0	False
ASV0066	1.0	1.0	1.0	0.0	False
ASV0067	1.0	1.0	1.0	0.0	False
ASV0052	1.0	1.0	1.0	0.0	False
ASV0053	1.0	1.0	1.0	0.0	False
ASV0054	1.0	1.0	1.0	0.0	False
ASV0055	1.0	1.0	1.0	0.0	False
ASV0056	1.0	1.0	1.0	0.0	False
ASV0057	1.0	1.0	1.0	0.0	False
ASV0058	1.0	1.0	1.0	0.0	False
ASV0059	1.0	1.0	1.0	0.0	False
ASV0044	1.0	1.0	1.0	0.0	False
ASV0045	1.0	1.0	1.0	0.0	False
ASV0046	1.0	1.0	1.0	0.0	False
ASV0047	1.0	1.0	1.0	0.0	False
ASV0048	1.0	1.0	1.0	0.0	False
ASV0049	1.0	1.0	1.0	0.0	False
ASV0050	1.0	1.0	1.0	0.0	False
ASV0051	1.0	1.0	1.0	0.0	False
ASV0011	1.0	1.0	1.0	0.0	False
ASV0010	1.0	1.0	1.0	0.0	False
ASV0009	1.0	1.0	1.0	0.0	False
ASV0008	1.0	1.0	1.0	0.0	False
ASV0007	1.0	1.0	1.0	0.0	False
ASV0006	1.0	1.0	1.0	0.0	False
ASV0005	1.0	1.0	1.0	0.0	False
ASV0004	1.0	1.0	1.0	0.0	False
ASV0003	1.0	1.0	1.0	0.0	False
ASV0002	1.0	1.0	1.0	0.0	False
ASV0001	1.0	1.0	1.0	0.0	False
ASV0000	1.0	1.0	1.0	0.0	False
