feature	beta_mixed	se_mixed	p_mixed	icc_donor	converged	beta_ols	se_ols	p_ols	q_mixed	q_ols
ASV0000	-0.31146384377631164	0.18246364490295394	0.09889184893206894	0.7310854036750365	True	-0.3114638437763117	0.3518564239508286	0.3797031702923294	0.30172104929274096	0.9989818308188075
ASV0001	-0.23410616007766827	0.17428057293264304	0.18997088227815076	0.729471902377548	True	-0.23410616007766796	0.33507248258205435	0.487548450037381	0.4335113398591158	0.9989818308188075
ASV0002	-0.09198574131693318	0.17668807094179423	0.6067306055785301	0.74761639972471	True	-0.09198574131693306	0.35170252184864653	0.7945994584419352	0.8517016482064812	0.9992697635281461
ASV0003	0.21455860964256557	0.15873117748583782	0.1872875107115893	0.7301263631933994	True	0.2145586096425655	0.30554707203850273	0.4853560338225488	0.4335113398591158	0.9989818308188075
ASV0004	-0.016062054581952624	0.18900428719120385	0.9328800549982179	0.6198089178380077	True	-0.01606205458195268	0.3065285265959398	0.9583901389917269	1.0	0.9992697635281461
ASV0005	0.7168556445730399	0.16028995877422492	0.0001171848219654576	0.8362303897697626	True	0.7168556445730397	0.3960866416956012	0.07550176668426163	0.0012082159230231663	0.6613814133049954
ASV0006	0.0016461591424833761	0.16582931821474645	0.9921500593904147	0.8132878162550028	True	0.0016461591424833672	0.38377594729646325	0.9965923035134142	1.0	0.9992697635281461
ASV0007	-0.14193602045862114	0.16309736806128555	0.39156189936962715	0.8431042982737784	True	-0.14193602045862108	0.41175872011471165	0.7315616715723746	0.654061496712394	0.9992697635281461
ASV0008	-0.20342961927369343	0.23672499692015433	0.39744529412806384	0.5045170285831182	True	-0.20342961927369388	0.33630209504979663	0.5476038928017851	0.6602007941349505	0.9989818308188075
ASV0009	0.8489697383204966	0.14571456758339768	2.9237753643035278e-06	0.8114167040879073	True	0.8489697383204969	0.33554679156750833	0.014140335816709869	3.362341668949057e-05	0.14579173824814656
ASV0010	-0.22838526334112105	0.17648667193669215	0.2062152750866233	0.7553332985997357	True	-0.22838526334112108	0.35679921394260505	0.524631722442424	0.443585375905758	0.9989818308188075
ASV0011	-0.16118840461421347	0.16687294956121543	0.34234618751006884	0.8019755510767357	True	-0.1611884046142134	0.37499836344083265	0.6689065479959057	0.6166356028042806	0.9989818308188075
ASV0012	-0.2818761857595214	0.16378476183001411	0.09628175392462329	0.7852853445797595	True	-0.2818761857595214	0.3534594719088272	0.42842626008237766	0.30172104929274096	0.9989818308188075
ASV0013					False	-0.030121836309838387	0.256076193392748	0.9067684982993686	1.0	0.9992697635281461
ASV0014	-0.08642580710619929	0.17077080619547425	0.6167534693139328	0.7994090065051682	True	-0.08642580710619914	0.38129241264247127	0.8214808932388387	0.8577176154644927	0.9992697635281461
ASV0015	0.0712673078698089	0.16611275519568708	0.6711846483791655	0.7181746690235545	True	0.07126730786980877	0.31290534679787324	0.8206338664917646	0.9182038216357973	0.9992697635281461
ASV0016	0.17845819449382444	0.16349716707845421	0.28435372133120845	0.5190036017423609	True	0.1784581944938247	0.23574162924124722	0.45210968366166937	0.5450112992181495	0.9989818308188075
ASV0017	-0.5467981513684064	0.18140268450456945	0.00542226801608778	0.5399019517146987	True	-0.5467981513684058	0.2674351825165579	0.0454419100367049	0.03954288138561576	0.4529043700324921
ASV0018					False	0.18297980303804623	0.1964086641401845	0.355390692038931	1.0	0.9989818308188075
ASV0019					False	-0.006351501142270766	0.22121039811010312	0.9771924654910615	1.0	0.9992697635281461
ASV0020					False	-0.02493941998309328	0.23096961810969993	0.9143865579618586	1.0	0.9992697635281461
ASV0021	-0.30233720643372936	0.15799581717989	0.06594827217203131	0.8173251366209148	True	-0.30233720643372963	0.3696685623602753	0.4167843180203546	0.24343868369675753	0.9989818308188075
ASV0022					False	-0.058587122966860326	0.25247371627397236	0.8173141673211776	1.0	0.9992697635281461
ASV0023	-0.16345536515549786	0.1629343409611707	0.3243568384865368	0.6704332947131784	True	-0.16345536515549752	0.2838187504710154	0.566900941562726	0.5944308955319938	0.9989818308188075
ASV0024	-0.32358565429943426	0.15171769462208523	0.04184535464382084	0.854921339660481	True	-0.3235856542994343	0.39832696249509997	0.41990585497027555	0.18957213694700653	0.9989818308188075
ASV0025	-0.12836312994158128	0.1812434854221594	0.4846535144903581	0.7137817622537774	True	-0.12836312994158125	0.3387768882218553	0.7061444302276352	0.7295250060825913	0.9992697635281461
ASV0026					False	0.10362820244185542	0.16968783582557814	0.5437846676894296	1.0	0.9989818308188075
ASV0027	-0.15629833287669126	0.19671417089310572	0.4335612625612265	0.716404036893754	True	-0.15629833287669126	0.3693904319401048	0.6737688771961723	0.6822885131884564	0.9989818308188075
ASV0028	-0.06986073928433822	0.13343158401410612	0.604697442035968	0.8792775894608749	True	-0.06986073928433818	0.3840298542364041	0.8562838382005772	0.8517016482064812	0.9992697635281461
ASV0029	1.554174037603791	0.2001579860448508	1.8543515707105667e-08	0.7754960445657894	True	1.554174037603792	0.4224359652807256	0.0005143133601102841	3.9603651403032817e-07	0.008895154984109631
ASV0030					False	0.08251216477031133	0.22866858193613535	0.7195319990106723	1.0	0.9992697635281461
ASV0031	-0.2615995245302057	0.2181740215316944	0.240561425489181	0.5650364853143108	True	-0.26159952453020563	0.33080853636948016	0.43228928211745665	0.49605424980182844	0.9989818308188075
ASV0032	-0.29019582346114114	0.18322147618096746	0.12445830542385379	0.616655310200801	True	-0.2901958234611408	0.2959251356554062	0.33084356255678987	0.34778535814703065	0.9989818308188075
ASV0033	-0.0051112146018651005	0.22467912202816176	0.9820118766181758	0.6933381305867872	True	-0.005111214601865238	0.4057260503136964	0.9899919899523206	1.0	0.9992697635281461
ASV0034	0.0177523199850673	0.14025738693302392	0.9001856016309067	0.8451070441266944	True	0.01775231998506675	0.3563786456230945	0.9604424878219958	1.0	0.9992697635281461
ASV0035	-0.030476334239276523	0.18592359244629542	0.8709727424526796	0.724423937807952	True	-0.030476334239276506	0.3541673219792255	0.9317225146184914	1.0	0.9992697635281461
ASV0036	-0.5179790247294566	0.15694522623064627	0.0026378810654249948	0.8837304219074684	True	-0.5179790247294563	0.4602730608593349	0.26506628893664486	0.022090713418655126	0.9989818308188075
ASV0037	-0.5635399807355846	0.14931861438885963	0.0007674848061873704	0.8629520035886477	True	-0.5635399807355844	0.40334589456969694	0.1676870402259386	0.0074025147435491535	0.9989818308188075
ASV0038	-0.04265667905463338	0.1254416398228824	0.7363552617446483	0.7094094618748744	True	-0.04265667905463325	0.23270248210861066	0.8551941483135304	0.9705413884465114	0.9992697635281461
ASV0039	-0.19409294055965015	0.2095009247993233	0.3621273178845167	0.6414113712263296	True	-0.1940929405596503	0.3498548349664334	0.5811774511189005	0.6406867931802988	0.9989818308188075
ASV0040	1.1600809514545047	0.12119075716304907	2.503304459933901e-10	0.8710013028277113	True	1.1600809514545043	0.33742475580197473	0.001090692450723311	1.8712200838005912e-08	0.015529382988869998
ASV0041	1.6270844261606277	0.18959611779989768	2.51146867966281e-09	0.7516453850377934	True	1.6270844261606279	0.38044553078148446	7.171362795081817e-05	9.386614190239752e-08	0.0030631963938992333
ASV0042	0.18573184775616058	0.15817071106243558	0.2501860490226993	0.5196562661999166	True	0.18573184775616045	0.22821635170862886	0.4190646937728395	0.5051329708327434	0.9989818308188075
ASV0043	-0.25416066503689655	0.14104444021543633	0.08232384143978906	0.9002415904405192	True	-0.2541606650368966	0.4465643509498774	0.5714541167435738	0.2807326380054896	0.9989818308188075
ASV0044	-0.23428170392431893	0.17480056277424919	0.190929299491535	0.7771425677407264	True	-0.23428170392431868	0.3702791327974928	0.5294055172000752	0.4335113398591158	0.9989818308188075
ASV0045					False	-0.09324951052898311	0.23899637546967292	0.6978391950700528	1.0	0.9992697635281461
ASV0046	-0.22881668457013424	0.11118765405294752	0.049014179901647595	0.9342543972557281	True	-0.22881668457013385	0.4336343957282392	0.5997400063966913	0.20233413293109997	0.9989818308188075
ASV0047	-0.23757010140176807	0.202989092416611	0.25172178145176843	0.7177508540389504	True	-0.23757010140176796	0.38208184259588795	0.5365243318096437	0.5051329708327434	0.9989818308188075
ASV0048	-0.2394404132717731	0.19517576003107304	0.2301163231510715	0.5048336364299368	True	-0.2394404132717728	0.2773640086796705	0.3915440952674416	0.4845407086068337	0.9989818308188075
ASV0049	-0.4261604172062124	0.12764019532713228	0.0023909657935197006	0.7948297189912046	True	-0.42616041720621256	0.28179292958434987	0.1358831316116466	0.021026434478305604	0.9276838304827002
ASV0050	-0.37121931453251344	0.15819983880972688	0.026255843841933323	0.8653339907066683	True	-0.371219314532513	0.43109907458217184	0.3927290248607424	0.14018745194175114	0.9989818308188075
ASV0051	-0.15307154986209098	0.18516287582913335	0.4154045936953113	0.46755293904419704	True	-0.15307154986209062	0.25375574580655375	0.5487114617770513	0.6750324647548809	0.9989818308188075
ASV0052	0.2707426085651027	0.1929616002412008	0.17158226813943456	0.7076357324816391	True	0.2707426085651028	0.3568689611360612	0.45112735978010987	0.4104247853895275	0.9989818308188075
ASV0053	-0.31232280001454205	0.14250107572309553	0.03687922764631798	0.8712066150582183	True	-0.3123228000145424	0.39707401973831946	0.4347411880313397	0.1696444471730627	0.9989818308188075
ASV0054	-0.20487264198429084	0.18925400086321176	0.28825311302658624	0.7563457723446911	True	-0.2048726419842908	0.38340481207777627	0.5951413194565174	0.5453018696164433	0.9989818308188075
ASV0055	0.16528400591228187	0.18281653208296786	0.3736569532345634	0.6265170742738879	True	0.16528400591228223	0.299143999731653	0.5827130827673951	0.6458001677291009	0.9989818308188075
ASV0056	1.4511434460256512	0.19190350708237391	3.087278411557975e-08	0.7432189816353146	True	1.45114344602565	0.37870391147211196	0.00031509019009999366	5.769351531598966e-07	0.00628079778932654
ASV0057	-0.31896790527461877	0.1698678570445335	0.07086928814174315	0.7827124228078557	True	-0.31896790527461844	0.36440888065853233	0.3850199591230041	0.2577729174373527	0.9989818308188075
ASV0058	-0.1342282421153755	0.16615286649821578	0.42598162594783917	0.8217835615415049	True	-0.13422824211537593	0.3935808815208265	0.7343031370843716	0.6812243271342427	0.9992697635281461
ASV0059	-0.08884208750008556	0.20297673074727188	0.6649645840514882	0.6414211338997821	True	-0.08884208750008538	0.33896440976939435	0.7941740897930905	0.9162415236469813	0.9992697635281461
ASV0060	-0.027229717267829877	0.12303060990913835	0.8264457464359151	0.8964339374755008	True	-0.027229717267829974	0.3823018330568327	0.9434631574198084	1.0	0.9992697635281461
ASV0061	-0.12183611352304086	0.16445394559991344	0.4649510016687528	0.7426503012339696	True	-0.1218361135230408	0.3241759050983257	0.7084119586973606	0.7092874974436587	0.9992697635281461
ASV0062	-0.19572678068574903	0.17459526776058334	0.2717974171620627	0.8168786820332113	True	-0.19572678068574909	0.4080081552881966	0.6332356259330342	0.5292455486895326	0.9989818308188075
ASV0063					False	-0.041990955532037424	0.2122024978776309	0.8438296677710869	1.0	0.9992697635281461
ASV0064	-0.6234586164213358	0.19010676630398332	0.002782209412860417	0.7545236143117533	True	-0.6234586164213354	0.3837002433787921	0.1096151859955908	0.02248325984987202	0.8624984371758329
ASV0065	-0.2658115342430698	0.1964446815475411	0.186844951606268	0.701856147768409	True	-0.2658115342430693	0.35977202332789854	0.4629877651851189	0.4335113398591158	0.9989818308188075
ASV0066	-0.029411395794207665	0.19980593800139992	0.8840291275647646	0.8323112227527503	True	-0.029411395794207866	0.48792905709053697	0.9521414332642337	1.0	0.9992697635281461
ASV0067	0.034444323611972576	0.19822948211977975	0.8633043620185674	0.7485430387317747	True	0.034444323611972555	0.39530774263955415	0.9308659766036388	1.0	0.9992697635281461
ASV0068					False	-0.014173709938695312	0.25971543213007553	0.9566654059218088	1.0	0.9992697635281461
ASV0069	0.2194731516136376	0.16479197030583995	0.19366006594165802	0.7006311623397307	True	0.21947315161363778	0.30118462362388265	0.46911756148055067	0.4335113398591158	0.9989818308188075
ASV0070	0.17785705070930385	0.2188211614015556	0.42319225402224747	0.6409836021946753	True	0.17785705070930383	0.3652013458912205	0.6280860928526938	0.6812243271342427	0.9989818308188075
ASV0071	-0.22408507996173999	0.12398439454780714	0.08146176474654761	0.5940657015857804	True	-0.22408507996173968	0.19459842391319387	0.25424086414680613	0.2807326380054896	0.9989818308188075
ASV0072	0.02583278621683214	0.19342328287532384	0.894709193933549	0.640081222500338	True	0.025832786216832073	0.3224086551890123	0.936414180364972	1.0	0.9992697635281461
ASV0073	-0.18676721265843746	0.17674827244044247	0.29968764610201853	0.7864637200422763	True	-0.1867672126584374	0.38248725153206076	0.6271808564166994	0.5565627713323201	0.9989818308188075
ASV0074	1.3296327065308176	0.142664771570307	4.449840626413897e-10	0.8422540004086398	True	1.3296327065308176	0.35920204621385676	0.000478734042305006	2.6610046945955106e-08	0.008895154984109631
ASV0075	-0.2735778452359004	0.16887261421027072	0.11643665454853455	0.8468043250097822	True	-0.27357784523590023	0.43145761042052333	0.5285227798562263	0.3380054340777847	0.9989818308188075
ASV0076	-0.18005736831062785	0.20223063860852308	0.38086122799341554	0.6219972852000699	True	-0.18005736831062785	0.32892713301011295	0.5861987688502724	0.6519236565417279	0.9989818308188075
ASV0077	-0.1631349490683173	0.1940255226582488	0.407588007173391	0.6661378764355844	True	-0.16313494906831716	0.33579592370126987	0.6289281632577355	0.6659498040701853	0.9989818308188075
ASV0078	-0.0675395640826631	0.1748192145512923	0.7021655653435241	0.7850975814979381	True	-0.06753956408266298	0.3771076784982155	0.8584842438562428	0.945709477647359	0.9992697635281461
ASV0079	0.016519146764439538	0.17216914752165938	0.9242459417260163	0.771570194173221	True	0.016519146764439375	0.36022916184728204	0.9635814939657087	1.0	0.9992697635281461
ASV0080	-0.008283338772060379	0.1743329161845522	0.9624404772152024	0.7183985023014771	True	-0.008283338772060583	0.3285200876715494	0.979970741102773	1.0	0.9992697635281461
ASV0081	-0.35150580264041	0.1981530196142237	0.08695486542106699	0.6650081033483847	True	-0.3515058026404103	0.34236052280325135	0.30881888812228536	0.2874752848513929	0.9989818308188075
ASV0082	0.03923162246293894	0.18433185935935628	0.833000359159968	0.7372336729791242	True	0.0392316224629387	0.35959449053801457	0.9135000624657497	1.0	0.9992697635281461
ASV0083	0.021093834409296994	0.16187534893351763	0.8972535538119537	0.7867606450196747	True	0.021093834409296984	0.35054583260406413	0.9522237148265075	1.0	0.9992697635281461
ASV0084	-0.029217285202822445	0.2162699336459277	0.8935021785921273	0.581110967718667	True	-0.029217285202822484	0.3341540925444779	0.9306256912029719	1.0	0.9992697635281461
ASV0085					False	-0.10161919781999482	0.21774580042331507	0.642471923591865	1.0	0.9989818308188075
ASV0086	0.02073344661914711	0.21262131424732478	0.9230133108032237	0.6792415266042359	True	0.02073344661914717	0.3754203770460844	0.9561471998207167	1.0	0.9992697635281461
ASV0087	1.507513411669917	0.21269054820739064	1.0359824589821825e-07	0.6659845919276395	True	1.5075134116699167	0.3680146216630242	0.000131900894310584	1.5487937761783627e-06	0.0035259128221502923
ASV0088	-0.3801521507049854	0.16119147241510165	0.025569299357440036	0.8387137015146094	True	-0.38015215070498565	0.40136924545415026	0.34749788648403684	0.1390040092340831	0.9989818308188075
ASV0089	-0.2884030221662472	0.16584046947559045	0.09301309480771162	0.7212262129081511	True	-0.2884030221662469	0.31409308913595935	0.362312319545654	0.2990421005108148	0.9989818308188075
ASV0090	-0.45195537965653154	0.18883898626059853	0.023641475490088496	0.5357665607165835	True	-0.451955379656531	0.2771554799824916	0.10837431193909607	0.13090372539882333	0.8624984371758329
ASV0091	-0.3690656577666443	0.13761958047902004	0.012141637859586222	0.8350921600409387	True	-0.3690656577666438	0.33889099556843594	0.280640879573658	0.07408876979625062	0.9989818308188075
ASV0092	-0.3723576398085183	0.18599292940671242	0.05505763144050548	0.7502179051035934	True	-0.37235763980851855	0.37214726703346707	0.3211932318806947	0.21379521819105374	0.9989818308188075
ASV0093	-0.1694348104469999	0.19431279175310853	0.39064098379559264	0.6949621743914857	True	-0.16943481044699965	0.3518233042232754	0.6319089328252594	0.654061496712394	0.9989818308188075
ASV0094	1.522182063464483	0.1699808014484636	1.0376392383275685e-09	0.8091863768959685	True	1.5221820634644814	0.3891312144017868	0.00024293538570550777	4.640435414187788e-08	0.00518840573756763
ASV0095	-0.008534106747392306	0.19838139053510578	0.9659919538669287	0.7670862123781562	True	-0.00853410674739224	0.41105807244574605	0.9835073155958592	1.0	0.9992697635281461
ASV0096	1.0831642306239855	0.1373348632857322	1.3672576047055233e-08	0.8633004458061507	True	1.083164230623986	0.3714473695611783	0.00503261839227343	3.1446924908227036e-07	0.06019011597159023
ASV0097	-0.338592907681591	0.1831571605222942	0.07509499065309103	0.8057635255461945	True	-0.338592907681591	0.41558390712078674	0.418553918898139	0.26415767300322607	0.9989818308188075
ASV0098					False	0.38440510275679224	0.20020910060842978	0.05977795857005358	1.0	0.5585503003889382
ASV0099					False	0.14257401237153872	0.2178688971862871	0.5154390056159848	1.0	0.9989818308188075
ASV0100	-0.3186620794668749	0.19596640557585007	0.11513112447390954	0.7366414091267502	True	-0.31866207946687486	0.3818609633789472	0.4074246639124336	0.337492217820578	0.9989818308188075
ASV0101					False	0.09167408448747094	0.25341184298940955	0.7188465701799603	1.0	0.9992697635281461
ASV0102	-0.35556692960518077	0.1529009438821515	0.027514988145981776	0.7389017848969195	True	-0.35556692960518077	0.29923056969752954	0.239569726942284	0.140633049096575	0.9989818308188075
ASV0103	-0.10668575467910855	0.13722905366248642	0.4434254486649441	0.8368230386274992	True	-0.10668575467910879	0.33971696299776166	0.7546151271444101	0.6941581630932895	0.9992697635281461
ASV0104					False	1.2289265876505742	0.2613218570297989	1.629899948292402e-05	1.0	0.0016244669484647605
ASV0105	-0.09903997280907173	0.19527876796792454	0.6160053617624142	0.5643767343602192	True	-0.09903997280907186	0.2958690770010273	0.739026868192371	0.8577176154644927	0.9992697635281461
ASV0106	-0.2676637773494288	0.1565870668351642	0.09844674106636782	0.826073427808774	True	-0.2676637773494284	0.37546807230721335	0.4787782335602569	0.30172104929274096	0.9989818308188075
ASV0107	1.5525206508217346	0.14652473235659283	2.643132755691845e-11	0.822914689994719	True	1.552520650821735	0.3481927433191164	3.8343946933524135e-05	2.634322313172872e-09	0.0019108066888539525
ASV0108	-0.3210755565969692	0.1930630399126645	0.10745560028124242	0.5117790104706862	True	-0.32107555659696924	0.27630562085903415	0.24998258988760286	0.31811113350585624	0.9989818308188075
ASV0109	-0.23712621448841814	0.19294433577397005	0.22930535542546496	0.624675467868248	True	-0.23712621448841809	0.31494068209925347	0.45454122233332145	0.4845407086068337	0.9989818308188075
ASV0110	1.584629111787712	0.17734189338780992	1.086389561849984e-09	0.7944352568698667	True	1.584629111787712	0.3911441598620154	0.00015330055748479532	4.640435414187788e-08	0.0035259128221502923
ASV0111	1.2667947225176392	0.16662266057907824	2.784380161887158e-08	0.7028375714348349	True	1.2667947225176386	0.30565897730880576	0.00011224353093844265	5.550197789361735e-07	0.0035259128221502923
ASV0112	0.251407240940087	0.17253472424041	0.15620225614714323	0.6848918389848971	True	0.25140724094008676	0.30735959840565746	0.4167289274354917	0.39580063210165956	0.9989818308188075
ASV0113	-0.03716337381163964	0.19160361885810628	0.8476077706300019	0.6974719397490339	True	-0.037163373811639505	0.3483541022086813	0.9154088181250118	1.0	0.9992697635281461
ASV0114	0.1311782501451897	0.19913657855647643	0.5154467906755775	0.7404784669300577	True	0.13117825014518966	0.390896982423348	0.7383964772784978	0.7517980020097448	0.9992697635281461
ASV0115	0.965218200110162	0.1957267897023468	3.345035916534964e-05	0.6993375595110664	True	0.9652182001101622	0.356952749975578	0.008974565444224947	0.0003704317552014645	0.098084805325178
ASV0116	1.3721252527548626	0.1854998778591051	4.690057238800968e-08	0.7570581764253599	True	1.3721252527548606	0.3763500582885582	0.0005713243351174122	7.790706191119385e-07	0.008990840852637171
ASV0117	0.031315213530513225	0.16773559691200995	0.8532467659958562	0.6910248129657215	True	0.03131521353051298	0.30176127637971784	0.9177060806427231	1.0	0.9992697635281461
ASV0118	0.05652627279338665	0.17751176624534518	0.7525167929229005	0.8108508727926349	True	0.05652627279338674	0.40815625167728103	0.8903315161354984	0.9705413884465114	0.9992697635281461
ASV0119	0.28214590057206035	0.1919958134723604	0.15283336929476057	0.7026296416269797	True	0.28214590057206035	0.35208130195361037	0.4261908191264855	0.39394118464770184	0.9989818308188075
ASV0120	-0.5886430931652991	0.19613430446353994	0.005600405399590276	0.7506595468738362	True	-0.5886430931652992	0.3927862483574601	0.1393918295288067	0.03961224166780672	0.9276838304827002
ASV0121	1.4684979041103234	0.19529084112236963	3.435638574401738e-08	0.6395956741474058	True	1.468497904110322	0.3253022548513883	3.161660171683795e-05	6.042681963212469e-07	0.0018906727826669095
ASV0122	1.677444956671627	0.14949449956646058	7.137745634478803e-12	0.8654807911369979	True	1.6774449566716265	0.4075990016629982	0.00012373596365895893	1.067092972354581e-09	0.0035259128221502923
ASV0123					False	0.014449772163188873	0.21568680582227542	0.9468167033716857	1.0	0.9992697635281461
ASV0124	0.3301461223269662	0.13547875045816507	0.02142555426640725	0.7428450982058726	True	0.3301461223269663	0.2671603907670974	0.2215295761855429	0.12087246652180694	0.9989818308188075
ASV0125	-0.001819601667384121	0.18903816898466072	0.9923882742294473	0.6292216314832895	True	-0.001819601667384206	0.31045060639425415	0.9953436085895158	1.0	0.9992697635281461
ASV0126					False	0.24897650927887238	0.1933217327143274	0.20290019759562997	1.0	0.9989818308188075
ASV0127	-0.6499678621494714	0.16021428411084557	0.0003607153690720747	0.7642028369805464	True	-0.6499678621494714	0.3299375355657175	0.05362266892626098	0.0035951298450850114	0.5171992906113559
ASV0128					False	-0.001752146711963345	0.21526414849726913	0.9935336072404615	1.0	0.9992697635281461
ASV0129	-0.10922356857500928	0.1437264356378426	0.4536415575585888	0.875301195825211	True	-0.10922356857500913	0.4070105749065559	0.7893777860398623	0.7027918430570884	0.9992697635281461
ASV0130	0.1734344994626368	0.18883980540805767	0.36624260170280976	0.5178218270126089	True	0.1734344994626366	0.27194876218472547	0.5261482422270739	0.644156105347883	0.9989818308188075
ASV0131	-0.3358254485606712	0.14693997089294167	0.030060863061524473	0.8670975954890291	True	-0.3358254485606711	0.40306361247238964	0.4081599523687549	0.1449709363773519	0.9989818308188075
ASV0132	1.3676932812767655	0.16124213707737847	3.1896781712268648e-09	0.7105876398808783	True	1.367693281276767	0.29972297443142576	2.664690979697119e-05	1.059681970218703e-07	0.0018906727826669095
ASV0133	-0.12103269490869399	0.13052078828996022	0.3616926031817731	0.551966156746844	True	-0.12103269490869373	0.19499538315199316	0.5372317473613353	0.6406867931802988	0.9989818308188075
ASV0134	-0.35423076280956634	0.1705719165625201	0.047119678278374606	0.8469801343210406	True	-0.35423076280956645	0.43604953296627674	0.4199049038185529	0.20036828782666574	0.9989818308188075
ASV0135	-0.1258662102033526	0.19892316422176148	0.5320387065301818	0.7358252639545767	True	-0.12586621020335234	0.3870231644086918	0.7461876993102248	0.7685003538769293	0.9992697635281461
ASV0136	-0.03128408686278362	0.20087694962248442	0.8773572527780826	0.6279277428588849	True	-0.03128408686278355	0.3293189074328876	0.9246451886339525	1.0	0.9992697635281461
ASV0137	-0.27511993340418023	0.2105755093379299	0.20200810885786472	0.6269577344408397	True	-0.2751199334041801	0.3447696639829877	0.4281362032609703	0.440879011302931	0.9989818308188075
ASV0138	-0.04626760462841211	0.22437602994166642	0.8381223389823671	0.7432340820873597	True	-0.04626760462841224	0.4427984689284611	0.9171417328384833	1.0	0.9992697635281461
ASV0139	-0.21177720120571142	0.15538878410544948	0.18377948850882891	0.7840757251189412	True	-0.21177720120571164	0.3343991275745888	0.5290228063166281	0.432677693418424	0.9989818308188075
ASV0140	-0.5179687053107753	0.17298325412536522	0.005696743785002304	0.724421529596928	True	-0.5179687053107753	0.3295157288722223	0.1214114753883244	0.03961224166780672	0.9075507785277249
ASV0141	-0.19886131387125197	0.2076967651066118	0.3465299089668316	0.6654426442591308	True	-0.19886131387125164	0.35908277815362805	0.581842170944353	0.6204337891082793	0.9989818308188075
ASV0142	-0.2359838254460915	0.21839067035802973	0.28911337040645463	0.5002917754639823	True	-0.23598382544609164	0.3089394573106805	0.4480521028366982	0.5453018696164433	0.9989818308188075
ASV0143	-0.29237005345048955	0.19446709090637257	0.14392147366087374	0.7440998747719472	True	-0.29237005345048944	0.3844229541365948	0.45001112667357646	0.37886074744328513	0.9989818308188075
ASV0144	-0.28113205078772896	0.19375529747946715	0.1579017866762187	0.6572683686429255	True	-0.281132050787729	0.3309608703458573	0.3991280779254361	0.39674482534612937	0.9989818308188075
ASV0145					False	0.005603436432163724	0.2715991932138485	0.9836106085045198	1.0	0.9992697635281461
ASV0146	-0.2493989386723335	0.16665661201533502	0.1457156720935712	0.5528289743763379	True	-0.2493989386723334	0.24922165403337285	0.32112319767215236	0.37886074744328513	0.9989818308188075
ASV0147	-0.24995228005139317	0.13388554864974686	0.0724178095810623	0.8330361236852024	True	-0.24995228005139325	0.32765950423091245	0.4486494733101554	0.2577729174373527	0.9989818308188075
ASV0148	-0.04931602034826813	0.1472742363794377	0.7402275558525845	0.8406715306071089	True	-0.04931602034826811	0.36896153292538725	0.894132805931014	0.9705413884465114	0.9992697635281461
ASV0149	-0.6005746590830355	0.2097150628659305	0.007846022594438583	0.7286867083753562	True	-0.6005746590830358	0.40261493790641056	0.1412011295135109	0.049914058632705025	0.9276838304827002
ASV0150	-0.3940586981190419	0.19638783607029617	0.05454438807444635	0.61928801080413	True	-0.394058698119042	0.3182852499567482	0.22067906064410855	0.21379521819105374	0.9989818308188075
ASV0151	-0.18749228582615332	0.1675318972151401	0.27258800835514385	0.7729312652627189	True	-0.18749228582615324	0.3515756400191833	0.5958695756545015	0.5292455486895326	0.9989818308188075
ASV0152	0.0003162695466693085	0.23257551115384392	0.9989246334865335	0.543117993598325	True	0.00031626954666917726	0.3440820277791117	0.9992697635281462	1.0	0.9992697635281461
ASV0153	-0.13835540842808916	0.1230423786317669	0.2703684463807297	0.8714053500159016	True	-0.138355408428089	0.3431179030586773	0.6882617295942286	0.5292455486895326	0.9989818308188075
ASV0154	1.433936808601643	0.1735853792454575	5.453397717119016e-09	0.8030087349150534	True	1.4339368086016426	0.3911076277115928	0.000535494279979844	1.4823326521987142e-07	0.008895154984109631
ASV0155	-0.4618953767052609	0.15945617137839327	0.007241244406019446	0.7178384613159446	True	-0.46189537670526115	0.30018738709163517	0.12931817576728086	0.04732968090610162	0.9276838304827002
ASV0156	-0.18555195732726804	0.1397126512409858	0.1948710641176883	0.6501047352893806	True	-0.18555195732726837	0.23619292128014835	0.43530243968295007	0.4335113398591158	0.9989818308188075
ASV0157	1.1779613840988556	0.17492262326828395	2.6002987288573594e-07	0.7642168659297675	True	1.177961384098856	0.3602378935326271	0.001812379574229031	3.380388347514567e-06	0.024631886031567286
ASV0158	-0.5057389223188984	0.14954374311394156	0.0021401708413014984	0.7174133470849369	True	-0.5057389223188983	0.2813147089906463	0.0774192289821901	0.019391244895428726	0.6613814133049954
ASV0159	0.29583970872726656	0.17254114112549326	0.09746778881832054	0.7587806739682293	True	0.2958397087272663	0.3513065134294582	0.4031838827928953	0.30172104929274096	0.9989818308188075
ASV0160	0.36290924029673577	0.17298912215245274	0.04506534296340456	0.5823125746223292	True	0.36290924029673516	0.26766601303340604	0.18040940859223203	0.19793140942738566	0.9989818308188075
ASV0161	0.10240263113962753	0.22418554548470945	0.651355825414298	0.5043129967369955	True	0.10240263113962741	0.3184224484734367	0.7489167063696697	0.9016453324021996	0.9992697635281461
ASV0162	-0.08822900324182441	0.1493692533130545	0.5594747977575595	0.7798276842819892	True	-0.08822900324182457	0.3183262037729328	0.7826385857227056	0.800396959471341	0.9992697635281461
ASV0163					False	-0.3599408788529688	0.24689964284677812	0.1502775910253436	1.0	0.9361041607620363
ASV0164	0.14894194809883035	0.22175710898506792	0.5073141229159632	0.6323124006831453	True	0.14894194809883018	0.3657112015033192	0.685311448290002	0.7455425610881238	0.9989818308188075
ASV0165	0.03288429483370546	0.19886998393843522	0.8698520856812246	0.7946860680538058	True	0.03288429483370551	0.4388942339278522	0.9405319529959633	1.0	0.9992697635281461
ASV0166	0.08055942011833792	0.15036942290657218	0.5963663489039349	0.6131625695603549	True	0.08055942011833764	0.24176614652031628	0.7401757058107401	0.8450878593472821	0.9992697635281461
ASV0167	0.01833945264004892	0.19943322326280552	0.9273862944214757	0.7597841175939282	True	0.01833945264004859	0.40690804670750985	0.9642061230124159	1.0	0.9992697635281461
ASV0168	0.0027437708080880075	0.15887079474807575	0.9863433349312998	0.8253700646129711	True	0.0027437708080879242	0.3801760917425681	0.9942664000259938	1.0	0.9992697635281461
ASV0169	-0.04506241408064895	0.1418350412829794	0.7530622144467914	0.8844918651574983	True	-0.04506241408064896	0.4173282586862459	0.9143855431597313	0.9705413884465114	0.9992697635281461
ASV0170	-0.1680371167959975	0.19162526683780107	0.38800026850365454	0.7132477314744362	True	-0.16803711679599762	0.3578486335072585	0.640418635783054	0.654061496712394	0.9989818308188075
ASV0171	-0.29526104141104	0.1665680744557708	0.08717387271859135	0.8183894882997079	True	-0.29526104141103987	0.39086690478620884	0.4530655824532021	0.2874752848513929	0.9989818308188075
ASV0172	-0.15768675173994182	0.23271442513226331	0.5035878385621108	0.5252534935242894	True	-0.15768675173994223	0.33774771789416075	0.6423367585763008	0.7455425610881238	0.9989818308188075
ASV0173	-0.20425437612236996	0.17167096636641158	0.24411567070735962	0.7955289094027685	True	-0.2042543761223698	0.37964772629756666	0.5926285804606041	0.49993551740753783	0.9989818308188075
ASV0174					False	-0.23013515216682792	0.2720053153005528	0.400991693860752	1.0	0.9989818308188075
ASV0175	0.2930429379765777	0.16549232510800505	0.08749247799825002	0.6951149122042531	True	0.29304293797657766	0.29971592936624925	0.3322657606361679	0.2874752848513929	0.9989818308188075
ASV0176	-0.017620184117525528	0.15064923001742997	0.9077253638048248	0.8204629563639105	True	-0.0176201841175255	0.35554117840973143	0.9606442746832919	1.0	0.9992697635281461
ASV0177	-0.20261152555922188	0.17203267876257522	0.24880995621951738	0.6352656701448707	True	-0.20261152555922185	0.2848543337919631	0.479760934994402	0.5051329708327434	0.9989818308188075
ASV0178	-0.2956940140980457	0.18488954140616623	0.12097846652607025	0.6590289479745023	True	-0.29569401409804574	0.3166312273490688	0.3542400465291817	0.3412505801065567	0.9989818308188075
ASV0179	-0.218449525330131	0.16819297441071254	0.20460633978801804	0.7078116065236132	True	-0.2184495253301309	0.3111547255505979	0.4854492066909002	0.4433137362073724	0.9989818308188075
ASV0180	-0.1419954449722063	0.15699707430162735	0.37347527759583865	0.7582612708602	True	-0.14199544497220618	0.3193140322335605	0.6581995520427325	0.6458001677291009	0.9989818308188075
ASV0181	-0.05815826135069295	0.17574809586307122	0.7431699488212157	0.6973614865265212	True	-0.05815826135069282	0.3194688983990512	0.8561808443374584	0.9705413884465114	0.9992697635281461
ASV0182	-0.36277424909054407	0.17345223979014368	0.04567647909862746	0.6527335315169268	True	-0.3627742490905443	0.29433957403114086	0.22273423381348356	0.19793140942738566	0.9989818308188075
ASV0183	-0.06314947653300454	0.19168613207353588	0.7442733819473591	0.7222481249183691	True	-0.06314947653300443	0.36371090419687446	0.8627643768297066	0.9705413884465114	0.9992697635281461
ASV0184	-0.14319570018639938	0.22256339634811106	0.525204118651442	0.600037915095366	True	-0.14319570018639907	0.3519204531989608	0.685580685368315	0.762310832411559	0.9989818308188075
ASV0185	-0.31691705596142156	0.1964772248884743	0.11796092999051792	0.6970215334871753	True	-0.3169170559614215	0.3569491795681091	0.37828900706113616	0.339137673722739	0.9989818308188075
ASV0186	-0.38541131927367456	0.11085917354305475	0.0016753548967120883	0.9173138417675408	True	-0.3854113192736743	0.38553988911592707	0.3216244132896072	0.015654097316153574	0.9989818308188075
ASV0187	-0.06868610560642532	0.17160361380896905	0.6920023676560735	0.7334328472173846	True	-0.06868610560642552	0.3323685439267488	0.8370019411587828	0.9362384974170407	0.9992697635281461
ASV0188	-0.5964054839165441	0.19270101571988885	0.004435127325870257	0.7583597381073125	True	-0.5964054839165444	0.3920116028673307	0.13359366728889588	0.03400264283167197	0.9276838304827002
ASV0189	0.06064421904384731	0.21906204316660785	0.7839396222429226	0.5634677492742923	True	0.060644219043847244	0.33155764615121247	0.8555088464001325	1.0	0.9992697635281461
ASV0190					False	-0.26512014836666176	0.22742046256000895	0.24847878939579984	1.0	0.9989818308188075
ASV0191	-0.20517344039802823	0.20524580668503553	0.32604236410450493	0.6392805326034272	True	-0.20517344039802837	0.34173518664292	0.5505870516346054	0.5944308955319938	0.9989818308188075
ASV0192	0.1619059231889581	0.1821149560880752	0.38156066854448956	0.7342647277936468	True	0.16190592318895827	0.35327912101236036	0.6484533639957673	0.6519236565417279	0.9989818308188075
ASV0193	-0.505699206686926	0.1699553432674697	0.00596811902162622	0.7204287372390618	True	-0.505699206686926	0.3214316014955098	0.12109559734583619	0.04055608153332363	0.9075507785277249
ASV0194	-0.40593964150548084	0.1657932052167862	0.02086903001371864	0.6400216825952177	True	-0.40593964150548034	0.27633045426432895	0.14722610698602637	0.11999692257888218	0.9361041607620363
ASV0195	-0.3435004066915751	0.2048402565390545	0.10468964747104938	0.706947196061026	True	-0.34350040669157533	0.37839239782957806	0.3677462449135818	0.31302204593843763	0.9989818308188075
ASV0196	1.4810426957424714	0.21238643376365526	1.3933900807753076e-07	0.6559080472321948	True	1.48104269574247	0.36206761130663484	0.00013449539446995295	1.8937437915991681e-06	0.0035259128221502923
ASV0197	0.0021146577671197877	0.14815023491522814	0.9887128127714238	0.7893024268471273	True	0.002114657767119518	0.32275381042620616	0.99479484402275	1.0	0.9992697635281461
ASV0198	-0.4176737493240373	0.1889823103040369	0.0354403215199079	0.7096248588285006	True	-0.41767374932403734	0.35070460154111527	0.2385220990980886	0.1655727521008197	0.9989818308188075
ASV0199	-0.15871432746663552	0.13982854676573253	0.2659720522696264	0.7980139624173529	True	-0.15871432746663564	0.3111271831399908	0.6118985100919897	0.5266598915802536	0.9989818308188075
ASV0200					False	0.01994323009591923	0.206717013529702	0.9234751274408074	1.0	0.9992697635281461
ASV0201	-0.2405592171759568	0.1336342213997957	0.08262365265713406	0.8283023060760609	True	-0.24055921717595655	0.3225043670542501	0.45873435998174666	0.2807326380054896	0.9989818308188075
ASV0202	-0.16174471451182026	0.14123757715787338	0.2618225021479556	0.8343645619293978	True	-0.16174471451182004	0.3470356030007089	0.6429073090663909	0.5218995209482582	0.9989818308188075
ASV0203	-0.2883755768757066	0.17950827110154122	0.11938991263485102	0.7710906331159514	True	-0.2883755768757061	0.37519116206601716	0.44524349871905283	0.33997698931257575	0.9989818308188075
ASV0204	-0.13233275716867773	0.1323606512588376	0.32597491035181153	0.8792256122786954	True	-0.13233275716867746	0.38086561551541814	0.7295090188145442	0.5944308955319938	0.9992697635281461
ASV0205	-0.48015386966036844	0.1456269445959157	0.0026597514483999484	0.8695404673658749	True	-0.48015386966036866	0.40318458150747766	0.23854260705788816	0.022090713418655126	0.9989818308188075
ASV0206	0.14982130576532973	0.13890524526566483	0.28997657949503175	0.6129302009310479	True	0.14982130576533007	0.22326682795149952	0.5048578011654374	0.5453018696164433	0.9989818308188075
ASV0207					False	-0.13607751948329075	0.23692557626418423	0.5679539180433141	1.0	0.9989818308188075
ASV0208	-0.12052717710072368	0.19921870111624027	0.5500516494463309	0.7790125197647016	True	-0.12052717710072354	0.4237856540314388	0.7771122291394635	0.7906992460791007	0.9992697635281461
ASV0209	0.9234374848694363	0.20148371181914004	8.661542994040322e-05	0.6541460993706767	True	0.9234374848694363	0.342605058188373	0.009185199160886235	0.0009249290554350201	0.098084805325178
ASV0210	-0.6307256892694313	0.2045139227370567	0.004558289579710682	0.6474203467152223	True	-0.6307256892694315	0.34442481792095797	0.07220191928592032	0.03407321460833735	0.6541931474693993
ASV0211	-0.06912570458037871	0.17073308184705752	0.6886453801629362	0.8369213875555991	True	-0.06912570458037876	0.4227851938257323	0.8706925616774457	0.9359316757668996	0.9992697635281461
ASV0212	0.01963000630019494	0.1848598799264522	0.916189881835838	0.5112901217557939	True	0.019630006300194805	0.26443321570125977	0.9410794171795157	1.0	0.9992697635281461
ASV0213					False	0.14475625332184025	0.16430749456941035	0.3819496648032171	1.0	0.9989818308188075
ASV0214	-0.21633931905613843	0.14083506730722017	0.13573366535814438	0.8695812539971455	True	-0.21633931905613854	0.38997869637456456	0.5812011377372807	0.36894878129168335	0.9989818308188075
ASV0215	-0.2350691898587851	0.16359000304805582	0.16181593561118895	0.6376551660652998	True	-0.23506918985878497	0.27176650006761044	0.39062017454733944	0.40319137289787915	0.9989818308188075
ASV0216	-0.2635723519787783	0.1873210798237473	0.17041293800067436	0.7408735199911367	True	-0.26357235197877826	0.36798387290596685	0.47670459363539686	0.4104247853895275	0.9989818308188075
ASV0217	0.014661895654722088	0.21372580866004834	0.9457944526243706	0.6930937825572471	True	0.014661895654722108	0.3857928645142865	0.9698145404448482	1.0	0.9992697635281461
ASV0218	-0.07306875095679252	0.17105754864706713	0.6725305583218716	0.5572290040146067	True	-0.07306875095679245	0.2570707863792421	0.7772419018644289	0.9182038216357973	0.9992697635281461
ASV0219					False	0.017575288584488265	0.2257499525672873	0.9382130282514121	1.0	0.9992697635281461
ASV0220	-0.2653480922790224	0.1297651161727405	0.050374319046473756	0.8511032443081255	True	-0.2653480922790224	0.3362937919807016	0.43330425149993684	0.20353947830940072	0.9989818308188075
ASV0221	0.22753914620936624	0.1737824668303199	0.20106473305439895	0.5023812826623314	True	0.2275391462093661	0.24635282886520352	0.3595050781016739	0.440879011302931	0.9989818308188075
ASV0222	0.009727988547553917	0.1739751595454006	0.9558058558505605	0.16888136669963857	True	0.009727988547553966	0.19083369512520937	0.9595195913457014	1.0	0.9992697635281461
ASV0223	-0.19937148446219852	0.16483640888492196	0.2365800961885595	0.8351950901185434	True	-0.19937148446219863	0.40603972988052406	0.6252688495737025	0.49466747384880627	0.9989818308188075
ASV0224	1.1225451789318026	0.17503919348513416	6.066254135282851e-07	0.7840290090020335	True	1.122545178931802	0.3766463500262679	0.004201372242144637	7.557541610206552e-06	0.05323790181349495
ASV0225	-0.2414169202705561	0.16553593322141888	0.15585842046937795	0.7600237104382356	True	-0.241416920270556	0.3379152200044245	0.4778266626199793	0.39580063210165956	0.9989818308188075
ASV0226	0.02518233071907214	0.13305798567821941	0.8512555909404648	0.7415890951091967	True	0.025182330719072367	0.26174817031869035	0.923686846664015	1.0	0.9992697635281461
ASV0227	0.2032948652698287	0.19143299948537998	0.29732639952185086	0.597097962711017	True	0.20329486526982837	0.3015902144981534	0.5029404875569807	0.5556287091064588	0.9989818308188075
ASV0228	-0.30253060986862457	0.16203595422782083	0.07239639054140579	0.8098083144797126	True	-0.3025306098686247	0.37154952519787676	0.41883784028153176	0.2577729174373527	0.9989818308188075
ASV0229	-0.13312123014241853	0.1988388222126665	0.5086644898393888	0.5490995125382969	True	-0.13312123014241822	0.2961153180669302	0.6547042293846167	0.7455425610881238	0.9989818308188075
ASV0230	-0.28527644338728003	0.21522828008658385	0.1957325447524436	0.6421785866060707	True	-0.28527644338728	0.3598043114695415	0.4310875687439145	0.4335113398591158	0.9989818308188075
ASV0231	-0.06603573053845234	0.1977607100998223	0.7409299789038336	0.7041785794707092	True	-0.06603573053845224	0.36360114417715117	0.8565174352358141	0.9705413884465114	0.9992697635281461
ASV0232	-0.13679585972182118	0.20390794202951157	0.5077996190967033	0.7459913767646501	True	-0.136795859721821	0.40458387137393637	0.7364973961888517	0.7455425610881238	0.9992697635281461
ASV0233	-0.33370047415311754	0.15825132508991271	0.04404721257210998	0.8224006508519509	True	-0.33370047415311743	0.37551450053636054	0.37786265885290965	0.19656890386658035	0.9989818308188075
ASV0234	-0.06868254970431115	0.19070390824646885	0.7214354216441023	0.7812556831013805	True	-0.06868254970431084	0.4077417164660516	0.8668182918424769	0.9673057895586843	0.9992697635281461
ASV0235	0.0409932877852571	0.15121325666770413	0.7883059180735315	0.5426624254030721	True	0.0409932877852573	0.22359982325501324	0.8551759276348398	1.0	0.9992697635281461
ASV0236	-0.20144254446124027	0.16718261637714665	0.23831780849099865	0.8001508378400652	True	-0.20144254446124008	0.3739727586351716	0.5921859546403168	0.4948404495750597	0.9989818308188075
ASV0237	1.7448969725678507	0.1455351648182233	1.5207476930181583e-12	0.782646603158244	True	1.744896972567851	0.3121618791959285	6.400081525512119e-07	4.547035602124293e-10	0.00019136243761281238
ASV0238	1.382335344581914	0.16696035450762808	5.210438089584798e-09	0.7586634807954767	True	1.3823353445819129	0.33986106690571455	0.00014530374225434653	1.4823326521987142e-07	0.0035259128221502923
ASV0239					False	-0.04222843001016474	0.23011525223692378	0.8550379765749382	1.0	0.9992697635281461
ASV0240	-0.5210739823702794	0.2022148961919437	0.015532591754116231	0.7472883927682131	True	-0.521073982370279	0.4022530417254339	0.20031845796638958	0.09106362616628927	0.9989818308188075
ASV0241	-0.4659256234938752	0.23784188485824995	0.060142841349728526	0.6183006954364526	True	-0.46592562349387506	0.38497086064803837	0.23107772546283561	0.22762923498188392	0.9989818308188075
ASV0242	-0.5093181207455204	0.1586858255534034	0.003323358074900726	0.7856748528502914	True	-0.5093181207455209	0.34276681623344324	0.1427205893050308	0.02614958064198203	0.9276838304827002
ASV0243	-0.1336782737197397	0.16778700166492028	0.4323210669964899	0.7712616136577269	True	-0.13367827371973984	0.35082352400003625	0.704564759563388	0.6822885131884564	0.9992697635281461
ASV0244	1.1552030445026777	0.18686372142945912	1.1228828228477491e-06	0.668318318122432	True	1.1552030445026773	0.32446240068691673	0.000747276948407053	1.342967856125908e-05	0.011171790378685443
ASV0245	-0.1481996987886079	0.21160016354062822	0.48947170937236045	0.7719177490941566	True	-0.1481996987886077	0.4430677929808092	0.7392198876714514	0.731760205511679	0.9992697635281461
ASV0246	-0.3314577621409097	0.16135681373036456	0.049399303357760195	0.6840796411339308	True	-0.3314577621409097	0.2870771306571768	0.2529914281309916	0.20233413293109997	0.9989818308188075
ASV0247					False	0.019994478973233105	0.21742012018720502	0.9270448019037879	1.0	0.9992697635281461
ASV0248	-0.4349709149858673	0.18735537459610524	0.02775033410266865	0.6507462358683189	True	-0.4349709149858672	0.31702665832061466	0.17533691266306958	0.140633049096575	0.9989818308188075
ASV0249	0.22027559808189445	0.15817072181050412	0.17468829905883676	0.5555941735901839	True	0.22027559808189465	0.23726642382524188	0.3570533309818534	0.4145381064967634	0.9989818308188075
ASV0251	-0.13048536211744258	0.18097663476270134	0.4768827716811882	0.6421251187032032	True	-0.13048536211744263	0.302522089396421	0.6678310172466235	0.7237966940744938	0.9989818308188075
ASV0252	-0.3120887104149612	0.18181138070048514	0.09710612844062246	0.7895565500144004	True	-0.31208871041496133	0.3963257043833595	0.434221731991841	0.30172104929274096	0.9989818308188075
ASV0253	-0.2933237114000117	0.19541723490143184	0.1445459543843387	0.7649016005637848	True	-0.2933237114000115	0.4030304197348565	0.46966677924281486	0.37886074744328513	0.9989818308188075
ASV0254	-0.15051521930774017	0.15572576132332475	0.3420486502481047	0.8078095889483947	True	-0.1505152193077399	0.3552181461709079	0.6733328636510363	0.6166356028042806	0.9989818308188075
ASV0255	-0.06215419732209864	0.19356464197068954	0.7505168626687506	0.5836839234727089	True	-0.062154197322098904	0.2999953873051674	0.8365919796075745	0.9705413884465114	0.9992697635281461
ASV0256	-0.20105280309044593	0.140849809611249	0.16451517520673994	0.8749096577134645	True	-0.20105280309044582	0.39823969564611406	0.6155744596112723	0.40652923460177887	0.9989818308188075
ASV0257	-0.07823681961939548	0.13707903694624748	0.5727267417589756	0.838659923733881	True	-0.07823681961939537	0.3412720152481113	0.8194806303656068	0.8154537894568272	0.9992697635281461
ASV0258	-0.30973870801945236	0.1765293600637009	0.09026660971883313	0.7191064765046863	True	-0.30973870801945225	0.33307811516189073	0.35626270066819327	0.29336648158620765	0.9989818308188075
ASV0259	0.03413928751955683	0.15400552124085917	0.8261751340359208	0.76209033105245	True	0.03413928751955681	0.31574025838049324	0.9142700411974046	1.0	0.9992697635281461
ASV0260	-0.148377931223015	0.19973169397029944	0.4637382039783378	0.6832237495165188	True	-0.148377931223015	0.35487121698096324	0.6774051231912307	0.7092874974436587	0.9989818308188075
ASV0261	-0.3705595212493367	0.16119048683739792	0.029183353824594766	0.6698563097086528	True	-0.37055952124933667	0.2805356306628118	0.1917227158656002	0.14359447322360727	0.9989818308188075
ASV0262	-0.15541946443637533	0.17012354217260883	0.36874379687871567	0.7966923281659452	True	-0.15541946443637522	0.377307287963058	0.6819183199474007	0.6447625454195087	0.9989818308188075
ASV0263	-0.411107837340043	0.19840093860194785	0.04757909175817147	0.7209946728770342	True	-0.411107837340043	0.37561029503259996	0.27825756555302095	0.20036828782666574	0.9989818308188075
ASV0264	-0.12852343269917088	0.15911501720291144	0.426049997237804	0.5837932202482519	True	-0.12852343269917035	0.24663615132592565	0.6042773630257321	0.6812243271342427	0.9989818308188075
ASV0265	-0.05603757483055629	0.17384952447042729	0.7495943101807421	0.8473959850242597	True	-0.05603757483055635	0.4450336408312973	0.9002326106657246	0.9705413884465114	0.9992697635281461
ASV0266	0.015401710474174612	0.22286159167299827	0.9453941626106944	0.5746025242287351	True	0.015401710474174391	0.3416944202285973	0.9642027479310451	1.0	0.9992697635281461
ASV0267	0.04074085431024217	0.19747922243174493	0.8380458612954187	0.7536766082049011	True	0.04074085431024194	0.39789445488263814	0.9187994269799471	1.0	0.9992697635281461
ASV0268	-0.0005374293349898807	0.16342532473074084	0.9973994545034663	0.7181126093995999	True	-0.000537429334990083	0.3078091654611542	0.998612899936656	1.0	0.9992697635281461
ASV0269	-0.16527596399603478	0.19569673453652303	0.4055199010075307	0.6791580076489246	True	-0.1652759639960349	0.34549207445908736	0.6341792145288916	0.6659498040701853	0.9989818308188075
ASV0270	-0.6168786568040509	0.23412576204682825	0.013563454178857178	0.5611678931058149	True	-0.6168786568040502	0.35342729044968113	0.08620783736839217	0.08110945598956593	0.7160039825874794
ASV0271	0.12421183842659708	0.15515438117468802	0.430121836283671	0.5591888798589522	True	0.12421183842659736	0.23368876961795756	0.5970837286369177	0.6822885131884564	0.9989818308188075
ASV0272	1.1640275365273145	0.16628146617778541	1.2991261152578344e-07	0.845856448558478	True	1.1640275365273143	0.4235289434863754	0.007968983801286356	1.849708135533774e-06	0.09164331371479309
ASV0273	-0.18363370657881173	0.2155982919047995	0.4015846932801518	0.7479150249573872	True	-0.18363370657881167	0.4294085451314643	0.6704944359037955	0.6633912888992562	0.9989818308188075
ASV0274	-0.3164336746196667	0.1564867978910239	0.05281299445198468	0.79970148723188	True	-0.31643367461966654	0.34965432561092014	0.36921466288071075	0.21054780454857894	0.9989818308188075
ASV0275	-0.26110303882597613	0.1851212670476112	0.16942228051346075	0.7980764583987315	True	-0.26110303882597596	0.4119698685226622	0.5287084845824342	0.4104247853895275	0.9989818308188075
ASV0276	-0.30504698904972427	0.17966312419484787	0.1006186226757748	0.6506594915261666	True	-0.30504698904972394	0.30397274702360494	0.31977176453322115	0.30388856747531984	0.9989818308188075
ASV0277					False	0.12582447524643192	0.17130505320296857	0.4656001126385437	1.0	0.9989818308188075
ASV0278	1.4718969043092602	0.18057475812565355	7.126098784541875e-09	0.6358141055170837	True	1.4718969043092587	0.29922348810873123	7.525645322787938e-06	1.775586280481684e-07	0.0011250839757567968
ASV0279	-0.18067851851209613	0.1350948319672784	0.19184907970572057	0.8651926554271835	True	-0.18067851851209593	0.3679442382625948	0.6252450047563988	0.4335113398591158	0.9989818308188075
ASV0280	-0.14757962604295694	0.20880212380059465	0.4855367097338986	0.7677609554766047	True	-0.1475796260429571	0.43327851831774505	0.7346267818521349	0.7295250060825913	0.9992697635281461
ASV0281	-0.23084655606315985	0.15009749509955134	0.1352794416479267	0.6840786234756077	True	-0.2308465560631597	0.2670447427366029	0.39090248159585833	0.36894878129168335	0.9989818308188075
ASV0282	-0.3110070250338678	0.16115740398880582	0.06381553273647779	0.6400435862257956	True	-0.31100702503386746	0.26861205496970614	0.2516792505158281	0.23851055360258572	0.9989818308188075
ASV0283	-0.25069052445840934	0.1669210496392568	0.14433023808338427	0.8097620071413888	True	-0.2506905244584092	0.3827044807370756	0.5150252932944339	0.37886074744328513	0.9989818308188075
ASV0284	-0.1725838865471512	0.11492065400799098	0.14435216393419706	0.9045315963047661	True	-0.1725838865471511	0.3719397290796333	0.6443772131769965	0.37886074744328513	0.9989818308188075
ASV0285	0.10012499079910427	0.1342221572212723	0.4619059882003563	0.8673239133137342	True	0.10012499079910409	0.36849190559974876	0.786805574145608	0.7092874974436587	0.9992697635281461
ASV0286	-0.1571713139980425	0.2053581000510294	0.4504652223190055	0.713955270146793	True	-0.15717131399804263	0.3839678685932786	0.6838019193470944	0.7015057368405345	0.9989818308188075
ASV0287	-0.40359063868298567	0.1394374170634453	0.0072814893701694805	0.8291728115769592	True	-0.403590638682986	0.337365758502064	0.236447091937987	0.04732968090610162	0.9989818308188075
ASV0288	-0.01399958400959895	0.19558372432147805	0.9434462070950163	0.7040819538568566	True	-0.013999584009599008	0.35953984263219607	0.9690739337833708	1.0	0.9992697635281461
ASV0289	-0.3854415682136739	0.1704245721694847	0.031674962680590515	0.8312569722292745	True	-0.38544156821367376	0.41487716973597005	0.35671380132600494	0.15033037843645342	0.9989818308188075
ASV0290	0.19382977552441152	0.1378920665446098	0.17082411619512702	0.2859356408037801	True	0.193829775524411	0.1631814591391663	0.23974692211653723	0.4104247853895275	0.9989818308188075
ASV0291	-0.2623914184399939	0.16767295172326047	0.12883949336808345	0.7996126898134444	True	-0.2623914184399936	0.37456570324680855	0.4864023010903548	0.35669452330608287	0.9989818308188075
ASV0292	0.9338776457629674	0.13056253905060958	8.763509548309359e-08	0.827080364132903	True	0.9338776457629671	0.31397606660260746	0.004273276399745414	1.3790996604971043e-06	0.05323790181349495
ASV0293	-0.3579211054020686	0.15581027052010837	0.029295193533913185	0.8642856165552422	True	-0.3579211054020685	0.4229443083640081	0.40088547005006236	0.14359447322360727	0.9989818308188075
ASV0294	-0.4320879266115376	0.15612600226463663	0.009897539357316382	0.8172562086587034	True	-0.4320879266115377	0.3652247244630994	0.24160657269895613	0.06165342224661663	0.9989818308188075
ASV0295	-0.3619769710102724	0.15546735640333556	0.027341801310403667	0.8301915240292577	True	-0.36197697101027254	0.37727648192821056	0.3413160430642621	0.140633049096575	0.9989818308188075
ASV0296	-0.2491964805948722	0.22684690301907387	0.2813329274566504	0.6220127075035718	True	-0.24919648059487215	0.3689728922920549	0.5021189415554672	0.5427002923196029	0.9989818308188075
ASV0297	-0.23784795729485156	0.1898827275511526	0.22071086203517642	0.636370702080649	True	-0.2378479572948516	0.3148880844940005	0.4531008294779823	0.47137534106084106	0.9989818308188075
ASV0298	-0.3180300441677051	0.16047054523341991	0.05738890379134868	0.8254695216006162	True	-0.31803004416770503	0.38411367652507244	0.41108813935980504	0.2199907978668366	0.9989818308188075
ASV0299	0.15838570217185166	0.1799915361018324	0.3863702886489802	0.7673751265001572	True	0.1583857021718517	0.3731847296868027	0.672832392176679	0.654061496712394	0.9989818308188075
