method	effect	n_donors	asymmetric	mean_FDP	se_FDP	mean_sensitivity	mean_called	mean_delta_hat
ALDEx2	0.5	30	True	0.0	0.0	0.0	0.0	-0.1311215580391488
ALDEx2	1.0	30	True	0.0	0.0	0.013157894736842105	0.25	-0.06758981292481996
ALDEx2	2.0	30	True	0.0	0.0	0.85	17.0	-0.13062979019825588
ANCOM-BC2	0.5	30	True	0.5	0.28867513459481287	0.0	0.5	-0.1311215580391488
ANCOM-BC2	1.0	30	True	0.0	0.0	0.3125	6.25	-0.06758981292481996
ANCOM-BC2	2.0	30	True	0.011904761904761904	0.011904761904761904	1.0	20.25	-0.13062979019825588
intersection	0.5	30	True	0.0	0.0	0.0	0.0	-0.1311215580391488
intersection	1.0	30	True	0.0	0.0	0.0	0.0	-0.06758981292481996
intersection	2.0	30	True	0.0	0.0	0.85	17.0	-0.13062979019825588
union	0.5	30	True	0.5	0.28867513459481287	0.0	0.5	-0.1311215580391488
union	1.0	30	True	0.0	0.0	0.3256578947368421	6.5	-0.06758981292481996
union	2.0	30	True	0.011904761904761904	0.011904761904761904	1.0	20.25	-0.13062979019825588
