method	TP	FP	FN	TN	n_called	FDP	sensitivity	specificity	seed	effect	n_donors	asymmetric	biomass_ratio	delta_hat
ALDEx2	0	0	20	180	0	0.0	0.0	1.0	1	0.5	30	True	1.0	-0.22797142512843702
ANCOM-BC2	0	1	20	179	1	1.0	0.0	0.9944444444444445	1	0.5	30	True	1.0	-0.22797142512843702
intersection	0	0	20	180	0	0.0	0.0	1.0	1	0.5	30	True	1.0	-0.22797142512843702
union	0	1	20	179	1	1.0	0.0	0.9944444444444445	1	0.5	30	True	1.0	-0.22797142512843702
ALDEx2	0	0	20	180	0	0.0	0.0	1.0	1002	0.5	30	True	1.0	0.04656393127179682
ANCOM-BC2	0	0	20	180	0	0.0	0.0	1.0	1002	0.5	30	True	1.0	0.04656393127179682
intersection	0	0	20	180	0	0.0	0.0	1.0	1002	0.5	30	True	1.0	0.04656393127179682
union	0	0	20	180	0	0.0	0.0	1.0	1002	0.5	30	True	1.0	0.04656393127179682
ALDEx2	0	0	20	180	0	0.0	0.0	1.0	2003	0.5	30	True	1.0	-0.10101748965207341
ANCOM-BC2	0	0	20	180	0	0.0	0.0	1.0	2003	0.5	30	True	1.0	-0.10101748965207341
intersection	0	0	20	180	0	0.0	0.0	1.0	2003	0.5	30	True	1.0	-0.10101748965207341
union	0	0	20	180	0	0.0	0.0	1.0	2003	0.5	30	True	1.0	-0.10101748965207341
ALDEx2	0	0	20	179	0	0.0	0.0	1.0	3004	0.5	30	True	1.0	-0.24206124864788156
ANCOM-BC2	0	1	20	178	1	1.0	0.0	0.994413407821229	3004	0.5	30	True	1.0	-0.24206124864788156
intersection	0	0	20	179	0	0.0	0.0	1.0	3004	0.5	30	True	1.0	-0.24206124864788156
union	0	1	20	178	1	1.0	0.0	0.994413407821229	3004	0.5	30	True	1.0	-0.24206124864788156
ALDEx2	0	0	20	180	0	0.0	0.0	1.0	5	1.0	30	True	1.0	-0.0476725252843095
ANCOM-BC2	5	0	15	180	5	0.0	0.25	1.0	5	1.0	30	True	1.0	-0.0476725252843095
intersection	0	0	20	180	0	0.0	0.0	1.0	5	1.0	30	True	1.0	-0.0476725252843095
union	5	0	15	180	5	0.0	0.25	1.0	5	1.0	30	True	1.0	-0.0476725252843095
ALDEx2	0	0	20	178	0	0.0	0.0	1.0	1006	1.0	30	True	1.0	0.03405542954163572
ANCOM-BC2	8	0	12	178	8	0.0	0.4	1.0	1006	1.0	30	True	1.0	0.03405542954163572
intersection	0	0	20	178	0	0.0	0.0	1.0	1006	1.0	30	True	1.0	0.03405542954163572
union	8	0	12	178	8	0.0	0.4	1.0	1006	1.0	30	True	1.0	0.03405542954163572
ALDEx2	0	0	20	180	0	0.0	0.0	1.0	2007	1.0	30	True	1.0	0.09441538466940912
ANCOM-BC2	12	0	8	180	12	0.0	0.6	1.0	2007	1.0	30	True	1.0	0.09441538466940912
intersection	0	0	20	180	0	0.0	0.0	1.0	2007	1.0	30	True	1.0	0.09441538466940912
union	12	0	8	180	12	0.0	0.6	1.0	2007	1.0	30	True	1.0	0.09441538466940912
ALDEx2	1	0	18	178	1	0.0	0.05263157894736842	1.0	3008	1.0	30	True	1.0	-0.3511575406260152
ANCOM-BC2	0	0	19	178	0	0.0	0.0	1.0	3008	1.0	30	True	1.0	-0.3511575406260152
intersection	0	0	19	178	0	0.0	0.0	1.0	3008	1.0	30	True	1.0	-0.3511575406260152
union	1	0	18	178	1	0.0	0.05263157894736842	1.0	3008	1.0	30	True	1.0	-0.3511575406260152
ALDEx2	15	0	5	179	15	0.0	0.75	1.0	9	2.0	30	True	1.0	-0.16207907482608427
ANCOM-BC2	20	0	0	179	20	0.0	1.0	1.0	9	2.0	30	True	1.0	-0.16207907482608427
intersection	15	0	5	179	15	0.0	0.75	1.0	9	2.0	30	True	1.0	-0.16207907482608427
union	20	0	0	179	20	0.0	1.0	1.0	9	2.0	30	True	1.0	-0.16207907482608427
ALDEx2	18	0	2	180	18	0.0	0.9	1.0	1010	2.0	30	True	1.0	-0.14291330789502713
ANCOM-BC2	20	0	0	180	20	0.0	1.0	1.0	1010	2.0	30	True	1.0	-0.14291330789502713
intersection	18	0	2	180	18	0.0	0.9	1.0	1010	2.0	30	True	1.0	-0.14291330789502713
union	20	0	0	180	20	0.0	1.0	1.0	1010	2.0	30	True	1.0	-0.14291330789502713
ALDEx2	18	0	2	180	18	0.0	0.9	1.0	2011	2.0	30	True	1.0	0.09101817860858134
ANCOM-BC2	20	0	0	180	20	0.0	1.0	1.0	2011	2.0	30	True	1.0	0.09101817860858134
intersection	18	0	2	180	18	0.0	0.9	1.0	2011	2.0	30	True	1.0	0.09101817860858134
union	20	0	0	180	20	0.0	1.0	1.0	2011	2.0	30	True	1.0	0.09101817860858134
ALDEx2	17	0	3	176	17	0.0	0.85	1.0	3012	2.0	30	True	1.0	-0.3085449566804935
ANCOM-BC2	20	1	0	175	21	0.047619047619047616	1.0	0.9943181818181818	3012	2.0	30	True	1.0	-0.3085449566804935
intersection	17	0	3	176	17	0.0	0.85	1.0	3012	2.0	30	True	1.0	-0.3085449566804935
union	20	1	0	175	21	0.047619047619047616	1.0	0.9943181818181818	3012	2.0	30	True	1.0	-0.3085449566804935
