	arm	donor	batch
ASV0000	0.013329942140555212	0.8539997531972144	0.21038005905197607
ASV0001	0.008346037167294465	0.8575129361630608	0.0006134263176765324
ASV0002	0.0011780132107319058	0.8727772396167911	0.013594539981856434
ASV0003	0.008430066408237525	0.8577649752710377	0.0860094411988519
ASV0004	4.733821160697319e-05	0.8098665887973163	0.05384521152020893
ASV0005	0.05345592800296011	0.8690369154362286	0.2787010284469971
ASV0006	3.1721959084332064e-07	0.9066462721735042	0.07432773885114294
ASV0007	0.0020444798266052106	0.9196691384389937	0.09658837143229056
ASV0008	0.00626916928963554	0.7475418696101107	0.15008850408640878
ASV0009	0.09939913501964893	0.8156832352048329	0.35952077574961655
ASV0010	0.007014605382925234	0.8715093954964712	0.18153859565111807
ASV0011	0.003175408468850901	0.8981296683481861	0.13796155201056529
ASV0012	0.010846094901882252	0.8829576218931392	0.057069311494693284
ASV0013	0.0002385024756344396	0.6065775140240651	0.04142099465324208
ASV0014	0.0008850300848237038	0.8989084966538994	0.23755845254755278
ASV0015	0.0008935903913519986	0.858319686337492	0.13868995669942985
ASV0016	0.009783686132610788	0.7520613184591917	0.3159590639272888
ASV0017	0.06723006632332929	0.7181871945673616	0.13284500640164967
ASV0018	0.014743692289028056	0.6488626515110761	0.01580298192949859
ASV0019	1.4213712273166906e-05	0.6460118082420019	0.08129862880241831
ASV0020	0.000200977620186393	0.7348240019532775	0.007560635225068641
ASV0021	0.011401191591910591	0.8983085799465714	0.19498427871331936
ASV0022	0.0009275578051808419	0.7097152747809402	0.14785659191917996
ASV0023	0.005686063767012197	0.8304677789005293	0.04741715268647512
ASV0024	0.011250130383602872	0.917030370075151	0.24805097887767819
ASV0025	0.0024691722058229055	0.8547751030376758	0.026717256716864667
ASV0026	0.006389146426451206	0.4178150923034944	0.0041565771020987624
ASV0027	0.0030773075022026255	0.8555610942914235	0.23127694177734598
ASV0028	0.0005702439172462448	0.9391031466316736	0.3773563576452585
ASV0029	0.1892148860448405	0.7197728448849738	0.0952513669476446
ASV0030	0.0022398612762614544	0.6244932338478998	0.010102538807999427
ASV0031	0.010666822417078845	0.7741714942635111	0.04173748682097763
ASV0032	0.01630981183581079	0.7951444460437744	0.1680054554356146
ASV0033	2.7362341783358077e-06	0.8466668597957521	0.04710598160234527
ASV0034	4.277995425045345e-05	0.9225154282576028	0.042312403877629155
ASV0035	0.00012765124219178887	0.8620939477376617	0.0735916197414397
ASV0036	0.021369000448962342	0.9217387692045494	0.09165805904030672
ASV0037	0.03256042314581106	0.9011467720958288	0.5662114650672668
ASV0038	0.0005790186072183227	0.8542098855336039	0.023437004088640283
ASV0039	0.005278581059204631	0.8163739288229178	0.24823408712915518
ASV0040	0.16929416005059292	0.777125910326827	0.10409796641412397
ASV0041	0.23975210789551032	0.6658415083598053	0.14764083220386665
ASV0042	0.011290674280744466	0.7512387876772525	0.1098867620972095
ASV0043	0.005553948004597811	0.9448452417900342	0.0298343273474578
ASV0044	0.006854929143040105	0.8824801587096062	0.08394044318356955
ASV0045	0.002617845983822112	0.6374905717878251	0.07781878661056704
ASV0046	0.004777712703067977	0.9625067022633075	0.37330351211930374
ASV0047	0.006621517361873801	0.8531883931216647	0.18070138338026864
ASV0048	0.012685921861426891	0.7428710260987395	0.13770831821121413
ASV0049	0.03793687965444089	0.8633695948739792	0.07117487723570307
ASV0050	0.012622982164624187	0.9208939889179777	0.2814327545424108
ASV0051	0.006234663805085533	0.729202325522004	0.019923743528939476
ASV0052	0.009826054434155625	0.8454282548610587	0.1426041022210699
ASV0053	0.01055427526847076	0.9257287609714854	0.3528940472243685
ASV0054	0.00489882654119004	0.8738701767941703	0.10750531837393898
ASV0055	0.005235922002496187	0.809000836089914	0.037610985750490086
ASV0056	0.2020165680150401	0.6955280931298317	0.003519381709257505
ASV0057	0.01303733422966278	0.8797298960577534	0.0011163349312522217
ASV0058	0.0020013441670753687	0.9090688055539774	0.03217566769831561
ASV0059	0.001183006786383408	0.8197400670959496	0.023165363110720275
ASV0060	8.745960765803838e-05	0.9481350146391837	0.2485883761781025
ASV0061	0.002429440347336141	0.8692059137162742	0.020878539367836242
ASV0062	0.0039519832891046335	0.9048546480818966	0.10771041659149758
ASV0063	0.0006746669482604423	0.6891367460845119	0.02227259243953519
ASV0064	0.04353822678898419	0.839066579319651	0.16265052670394886
ASV0065	0.009323877716839638	0.8429941946307954	0.30064762783826215
ASV0066	6.264158066717068e-05	0.916098468515931	0.20704660307687273
ASV0067	0.00013088197558422138	0.8741556132866806	0.2867332110564862
ASV0068	5.1347733156801255e-05	0.733660980475448	0.020759501918016256
ASV0069	0.00907217125217797	0.842601447700594	0.414017578496887
ASV0070	0.0040726501003180106	0.8171506323023088	0.07708687152750333
ASV0071	0.02235126434609289	0.7792185675876889	0.04938732528149231
ASV0072	0.00011067589774615994	0.8199502655765297	0.16762425252962357
ASV0073	0.004094092593701341	0.8895722422885898	0.5709319552864683
ASV0074	0.19109712750061622	0.7451030693346775	0.09725084216328563
ASV0075	0.006884262975349201	0.9170468691606938	0.1177525445652152
ASV0076	0.005139920574334284	0.8068306387967973	0.060527265226100406
ASV0077	0.0040527659156321776	0.8296929605848112	0.07877671623570355
ASV0078	0.0005527358654804566	0.8920519186597234	0.12051482681407251
ASV0079	3.6255487467985036e-05	0.8857528904945722	0.04683384913839589
ASV0080	1.0961102348416835e-05	0.8591898570081004	0.09939206486900173
ASV0081	0.017850373105634934	0.8176438034240495	0.2277571184357106
ASV0082	0.0002051773281097821	0.8684350246483633	0.03513092997038308
ASV0083	6.242611989760437e-05	0.8933220668249497	0.03358229494439661
ASV0084	0.00013179560115846744	0.7904516390754923	0.010762888623232452
ASV0085	0.0037410729897312625	0.7141157758153779	0.19134186741934922
ASV0086	5.258434777090287e-05	0.8395768172341905	0.09001425467213627
ASV0087	0.22439165453721333	0.6460759764364826	0.044413559006413854
ASV0088	0.015231161519562409	0.9053545931080847	0.3611113390727927
ASV0089	0.014328055463459515	0.8482728772788762	0.07709224808075653
ASV0090	0.04383770412427996	0.7342210978137099	0.04748831432172788
ASV0091	0.020038636658758133	0.8991600767910091	0.19112971088790226
ASV0092	0.016967995239963028	0.8602588564656964	0.020924735904883803
ASV0093	0.003982858663500068	0.844105791921488	0.04488662056206528
ASV0094	0.208750116687941	0.7157599432711788	0.16348116939112647
ASV0095	7.431535519547651e-06	0.8835363551125611	0.028890716705908877
ASV0096	0.12786450814063818	0.8125252472007584	0.3238824142911721
ASV0097	0.011315351967513508	0.8926655489882447	0.02179754429579339
ASV0098	0.05976139724993784	0.6991751088415502	0.08361755632319921
ASV0099	0.0073293835094932844	0.7150924488533134	0.13352826217622601
ASV0100	0.011864211477894945	0.8580150656694715	0.21975332470236478
ASV0101	0.002251295623986831	0.7309524066232941	0.00883424315517942
ASV0102	0.023766034560719365	0.8487843771464635	0.06164889819923559
ASV0103	0.0016975108621397202	0.9168529876550368	0.31536607968408414
ASV0104	0.27604688762923646	0.5208997087235326	0.045781775196981574
ASV0105	0.0019282158818588828	0.7806803713131916	0.004143750695617488
ASV0106	0.008685932594950947	0.9051062199951523	0.18224827286939163
ASV0107	0.25527280886972115	0.6787871000027146	0.02283794777522964
ASV0108	0.02275160406169779	0.7386879217904391	0.013096131564331951
ASV0109	0.00967942187442527	0.8044752330480186	0.031832196170059106
ASV0110	0.2205637617097452	0.6993237867970276	0.2060288240201029
ASV0111	0.22848372794624605	0.6568834990659138	0.290568478086783
ASV0112	0.011403887088623697	0.8328389229512712	0.14859135761351003
ASV0113	0.0001961892484118486	0.8485695470062586	0.13474315462847813
ASV0114	0.0019378877031027675	0.8685499699165157	0.13250403880791445
ASV0115	0.11195340348028901	0.7545455403323985	0.11894913739263878
ASV0116	0.18644909445278965	0.7147276105034174	0.054265914774624675
ASV0117	0.00018564151953380924	0.8453555685591921	0.014933087563741574
ASV0118	0.00033057972043113007	0.905127558703979	0.015190767425575017
ASV0119	0.010950940189817175	0.8419921900192643	0.06410678611867743
ASV0120	0.037278979659893845	0.842697195744669	0.05970249591122336
ASV0121	0.26000128164116815	0.6066496560842327	0.06506690791008397
ASV0122	0.22601404161180055	0.7219279948950456	0.12522614464738097
ASV0123	7.737724125486912e-05	0.6430029181339955	0.049227902137827774
ASV0124	0.0256539069903872	0.8490648429998763	0.17975727963594065
ASV0125	5.922967866459214e-07	0.8146107863436958	0.11254221685114871
ASV0126	0.027802378412297185	0.5493665084516275	0.0011322301833792835
ASV0127	0.06271399313769532	0.8267810581989454	0.19663345458280743
ASV0128	1.1422706951886136e-06	0.5500016011391866	0.07411648650833887
ASV0129	0.0012400935358678974	0.936487935390803	0.09456437471441943
ASV0130	0.006963602667508459	0.753617484545384	0.024142472645120906
ASV0131	0.011827280254368045	0.922507495293484	0.22066881035697827
ASV0132	0.26417150373603215	0.6293495957337064	0.00427236860863349
ASV0133	0.006598625969472037	0.7708628034485706	0.1017743428666076
ASV0134	0.01125017616160181	0.9131023160470445	0.37605097907430246
ASV0135	0.0018202253776946377	0.8663288846307907	0.14974433652672178
ASV0136	0.00015556721378066636	0.8138377016689706	0.011660803499596903
ASV0137	0.01085965298262568	0.8046452226961421	0.03480258186235269
ASV0138	0.00018820539675074664	0.871450695742508	0.10324652246770007
ASV0139	0.006867636160995016	0.8859074041736028	0.3738463308521673
ASV0140	0.040860937637717434	0.8269723889811887	0.10006231611195925
ASV0141	0.005260087950107676	0.8283413948443769	0.1546440510891247
ASV0142	0.009959616853531573	0.7426663410175892	0.0022587305672983546
ASV0143	0.009874371424705035	0.8634368638973828	0.43305799736325323
ASV0144	0.012287680165663959	0.8184525042585561	0.2347547373629044
ASV0145	7.338727588721185e-06	0.7480186866614067	0.05323504923471262
ASV0146	0.016972865365618393	0.7632366597160994	0.1706631290217398
ASV0147	0.009933562095810752	0.9074140463594823	0.2262922126832614
ASV0148	0.00030793008349425306	0.9200531711988893	0.043113373762745905
ASV0149	0.036946774928743716	0.8324026520859995	0.0389093926294841
ASV0150	0.025747342841415895	0.788798281205458	0.05200129583486726
ASV0151	0.0048795180313340415	0.8821400352122054	0.23548477951053043
ASV0152	1.4566753606779772e-08	0.7715590813427559	0.03667374905988549
ASV0153	0.002795514524740276	0.9330869750972672	0.09766306922939737
ASV0154	0.18815388050824358	0.7318883025675441	0.10670039113478251
ASV0155	0.039219194854571406	0.8252331336741847	0.12327321861988572
ASV0156	0.010528646785725317	0.8163660389580325	0.06800061301305901
ASV0157	0.15565868746535885	0.744800360114119	0.039444046812234505
ASV0158	0.05278245851681843	0.8133820482805753	0.234472967633476
ASV0159	0.012079103615006474	0.868767563192718	0.1558491036583728
ASV0160	0.030720660889689153	0.7668517869015604	0.11799199619594479
ASV0161	0.0017799719637312254	0.7508171227120758	0.04324574533241414
ASV0162	0.0013227419653741063	0.888728089774411	0.3446629633420463
ASV0163	0.03534794120895132	0.7004136099611176	0.0318815500920259
ASV0164	0.002851604789928713	0.8138292880196972	0.08187756134672906
ASV0165	9.678037251942819e-05	0.8972560251589753	0.17454104178729174
ASV0166	0.0019106586740006203	0.8050406517906322	0.21685146103360856
ASV0167	3.502168029434648e-05	0.8798607681856024	0.12617521666492226
ASV0168	8.980441233189106e-07	0.9126842841105485	0.10028997471099561
ASV0169	0.00020098240262955174	0.9420568633270713	0.03162211539485335
ASV0170	0.00378735289645803	0.853379563130368	0.06757951643722258
ASV0171	0.009742593908052946	0.9003438449857948	0.16608818323529856
ASV0172	0.0037441089387659594	0.759771413036084	0.007383010893876917
ASV0173	0.004965821888023403	0.8933062191259845	0.42796744901970335
ASV0174	0.012191465660011488	0.7068101128943911	0.04491745563404512
ASV0175	0.016214930889241707	0.8338144706100175	0.012326617952529855
ASV0176	4.234427343615333e-05	0.9101929589364296	0.08855721809673754
ASV0177	0.008647345492639133	0.8105629111161877	0.009428043252986289
ASV0178	0.01481384793475818	0.8172264723950877	0.04704992696176514
ASV0179	0.008426482714896573	0.8467104297426055	0.011306613845577657
ASV0180	0.0033978690364591677	0.876142901339449	0.008448353757606582
ASV0181	0.000571070312952961	0.8481961773831121	0.20222421568172472
ASV0182	0.025522282358422466	0.805276335294246	0.10271307267260729
ASV0183	0.0005194852308193725	0.8606677695441538	0.21616593988217844
ASV0184	0.002846459312632836	0.797742176788759	0.010846544206575463
ASV0185	0.013408732385582286	0.8371334038964776	0.2033855415943415
ASV0186	0.016938041463071617	0.9424246615735056	0.4096868325274844
ASV0187	0.0007357839319229244	0.8660740712860373	0.2287737547855384
ASV0188	0.0383762555884221	0.8454397000780803	0.3047624964354936
ASV0189	0.0005764774095152094	0.7812834487958109	0.014325086508405036
ASV0190	0.022894947736945562	0.5620178591559654	0.2457849592020271
ASV0191	0.006176524143039093	0.8145781525737663	0.17638080401773953
ASV0192	0.0036082089519819875	0.8639991911632582	0.37200990684382096
ASV0193	0.04092891252446764	0.8250067493296759	0.17342372876611703
ASV0194	0.03587331695449282	0.790594731029189	0.039690782298042446
ASV0195	0.014009239431022887	0.8415171334676212	0.3457717559077933
ASV0196	0.22389655896266306	0.6425782184995379	0.1298946813847884
ASV0197	7.401318818570898e-07	0.8946492320094223	0.03619182595791409
ASV0198	0.023871002273508198	0.8344072428614562	0.12124226666899396
ASV0199	0.004466673026583992	0.8949943191877551	0.252955956758063
ASV0200	0.0001604504258055996	0.6676173924976264	0.030194699075842022
ASV0201	0.009501639988538809	0.9054653417212845	0.10558223808724446
ASV0202	0.0037313039005854444	0.9137603322496067	0.17601771504474817
ASV0203	0.010082833951310224	0.8766164114842414	0.2144626362800887
ASV0204	0.0020771132637188204	0.9376612978646773	0.04912517350499528
ASV0205	0.023868942206341674	0.9124583118965955	0.16571383272429688
ASV0206	0.007703924736963396	0.8002526196789647	0.018734901728168916
ASV0207	0.005655328465232637	0.7083820318325581	0.049679629243778604
ASV0208	0.001392657202703493	0.8882674613249726	0.184603250999873
ASV0209	0.11131354769266373	0.7350089124794271	0.015729226995068502
ASV0210	0.05465792725155197	0.7786882375945611	0.125582309691079
ASV0211	0.00046069286548487985	0.9180380546225729	0.1513449991158589
ASV0212	9.500350106973075e-05	0.7555696084790503	0.16202031447305837
ASV0213	0.01320561396356499	0.4950970734134033	0.000486124816937526
ASV0214	0.005277921352777767	0.9298569318153992	0.13265770946281655
ASV0215	0.012735184599463706	0.8084000810182919	0.10632557672454007
ASV0216	0.008767778098323527	0.8628022273574891	0.0050404205839219085
ASV0217	2.4901932908124877e-05	0.8465259231519452	0.00013476996411708646
ASV0218	0.0013909944578985988	0.7775316362170305	0.011097877927224312
ASV0219	0.00010449035836443322	0.6577886902833552	0.046692879090186226
ASV0220	0.010620117470588518	0.91572474315307	0.18116712563505083
ASV0221	0.014495321025472421	0.7403017218237881	0.027391379783879812
ASV0222	4.480108491681588e-05	0.5844055695449242	0.0636661461565936
ASV0223	0.004139610593176047	0.9137994295108642	0.1523406885620607
ASV0224	0.13280883915508204	0.7735433353978047	0.05272282262340281
ASV0225	0.008723419476578911	0.8723346844483026	0.009614783278426827
ASV0226	0.0001595611808572989	0.8706529877239785	0.22322382967168164
ASV0227	0.0077732256513406645	0.7923421075713649	0.06785357514722469
ASV0228	0.011301629074894516	0.8946783143311295	0.023831674533550812
ASV0229	0.003472435748487936	0.7718603117708089	0.030072293905148283
ASV0230	0.010722333418902911	0.8122856989265255	0.27133233377833815
ASV0231	0.0005683718843291211	0.8516050478526105	0.019757059675369188
ASV0232	0.0019671867996229795	0.8712765046061033	0.5412611567103858
ASV0233	0.013432566682538033	0.8989606036107539	0.16491325867235143
ASV0234	0.0004889698960440387	0.8901853985309134	0.28690831218843366
ASV0235	0.0005791659165221779	0.7708845772455073	0.10718810380010803
ASV0236	0.0049776836099955386	0.8955951450761447	0.1321227302707284
ASV0237	0.3501032890661509	0.5792644817876568	0.19650664520161765
ASV0238	0.2219294656386313	0.6841816967152662	0.059861568053270836
ASV0239	0.000580281841548656	0.7001930823796408	0.013047110232981902
ASV0240	0.028118076960305136	0.8490773975661958	0.09943430422423355
ASV0241	0.024633012810791534	0.7892189954480032	0.15976075475783202
ASV0242	0.03667137438038579	0.8600928258105424	0.034132279483539
ASV0243	0.002497068354954387	0.8834192295031547	0.28487205723958997
ASV0244	0.1793555900888066	0.684548249569443	0.10097580641826176
ASV0245	0.0019252598274101817	0.8842530869248502	0.45696567020051077
ASV0246	0.022467887149194947	0.8231211302195531	0.048970620534024976
ASV0247	0.0001457905605923883	0.6447453417976756	0.008854208160797204
ASV0248	0.03143613458574259	0.7994269225798634	0.0022725954587456956
ASV0249	0.014642859118999851	0.7664080830117367	0.16502303978849672
ASV0251	0.003197353074437726	0.818437734541391	0.11709353975541976
ASV0252	0.010578039607194627	0.8853120597792871	0.046955640040314335
ASV0253	0.009049873178812506	0.8744644839316719	0.23997896922432932
ASV0254	0.0030860306327973788	0.9011158482317894	0.15866267360780484
ASV0255	0.0007395413795625068	0.7912567244300931	0.19303679735010323
ASV0256	0.004375209750820989	0.9333533739839839	0.23459938381145898
ASV0257	0.0009053149174483612	0.9184982982750768	0.2577766057818135
ASV0258	0.014690728881810828	0.8469257967196898	0.123351712883409
ASV0259	0.00020152710302739587	0.8808672506205124	0.050069058945773605
ASV0260	0.0030051212902918066	0.8390829036498305	0.08807770109691206
ASV0261	0.029203839473070276	0.8105452720961199	0.09873456776413646
ASV0262	0.00291691506392995	0.8957338287054045	0.3290098680605537
ASV0263	0.020236244311345547	0.8430841210127541	0.10150052646794062
ASV0264	0.004660093032235333	0.7882066600713789	0.1480933172891682
ASV0265	0.00027329159939573226	0.9234473258572209	0.07682611464072692
ASV0266	3.502828946474511e-05	0.7872739884417355	0.1815302694807957
ASV0267	0.00018072490337084634	0.8766789222265087	0.13288903947763755
ASV0268	5.2559548420662645e-08	0.8590562836963679	0.06799503526866159
ASV0269	0.0039301129927454695	0.8362795681652758	0.22311743184996805
ASV0270	0.049904378316190004	0.7416295895730229	0.12212644668362312
ASV0271	0.00484743471469414	0.7758156021697571	0.006695441252780902
ASV0272	0.11522933137132033	0.8165811447404412	0.09433015935122409
ASV0273	0.0031431725987704716	0.8712089545470655	0.07906739498341725
ASV0274	0.013924188393613998	0.8873211175666265	0.18524127586818823
ASV0275	0.006878084689490551	0.8928572898147911	0.3368657671434982
ASV0276	0.017067112895304534	0.8112441005072422	0.07564746872759302
ASV0277	0.00921596704280876	0.6140794828769167	0.021885663914524178
ASV0278	0.29437904750805594	0.5771326579423464	0.05424315082336142
ASV0279	0.0041401802104163	0.9287352429401248	0.012753704183668597
ASV0280	0.0019962855362344128	0.8821158325950177	0.008340709837231565
ASV0281	0.012720114770584517	0.8313286420229249	0.13751527121288692
ASV0282	0.02259111611632347	0.8014969895064866	0.008169396781004843
ASV0283	0.0073437793347561195	0.8982367946578499	0.23000121705518384
ASV0284	0.0036984365078401066	0.948745891948798	0.12441882273215892
ASV0285	0.0012713016461498895	0.9324750331371804	0.14943601764053047
ASV0286	0.002880553823726028	0.8545090975125691	0.05504690865730765
ASV0287	0.024080536161541745	0.8925628172675223	0.028255637704063197
ASV0288	2.6139475446039233e-05	0.8520187671262647	0.07289802480866456
ASV0289	0.014663398846845898	0.9022024653700746	0.03997210262775489
ASV0290	0.023748334394781394	0.6276999239985303	0.0448679140541894
ASV0291	0.00838988850412415	0.8922571804113684	0.02914537777525012
ASV0292	0.13234458031213722	0.792638176608897	0.006292924723897428
ASV0293	0.012196932574683296	0.9207735535055234	0.194624932782752
ASV0294	0.023563507187931126	0.887223345925971	0.07987328572019926
ASV0295	0.015623405369676626	0.900799021352948	0.10374443066752932
ASV0296	0.007803056991138668	0.804678488496234	0.07244886284974919
ASV0297	0.009741081271309612	0.8102157659474489	0.002856392539683655
ASV0298	0.01168115643299129	0.902073035305268	0.04272651832753838
ASV0299	0.0030960612068885386	0.8809514356028598	0.0898572891352921
